H-14 3722,A,3722.86,0.1088,6.4,Gaussian,single,,other,confirmed,170,"H I 3721.9, Fe I 3722.6, Ti II 3721.6, Ni I 3722.5"
H-13 3734,A,3734.84,0.1986,4.67,Gaussian,single,,other,confirmed,131,"H I 3734.4, Fe I 3734.9, Fe I 3733.3, Ca II 3736.9"
H-12 3750,A,3749.68,0.1825,5.95,Gaussian,single,,other,confirmed,178,"H I 3750.1, H I 3750.2, Fe I 3749.5"
H-11 3771,A,3770.78,0.3035,8.87,Gaussian,single,,other,confirmed,206,"H I 3770.6, H I 3770.7"
H-10 3798,A,3798.09,0.3671,12.7,Gaussian,single,,other,confirmed,221,H I 3797.9
,A,3819.23,0.0773,18.84,Gaussian,single,,other,confirmed,170,"Fe I 3820.4, Fe I 3821.2, Fe I 3817.6"
H-9 3835,A,3835.3,0.4865,15.84,Gaussian,single,,other,confirmed,307,H I 3835.4
,A,3875.49,0.0793,7.4,Gaussian,deblended,,other,confirmed,158,"Fe I 3873.8, Fe I 3878.0, Fe I 3878.7, Fe I 3876.0"
H-8 3889,A,3889.27,0.5317,15.36,Gaussian,deblended,,other,confirmed,135,"H I 3889.0, H I 3889.1"
Fe I/Mg I/Si I 3903-06,A,3903.63,0.1025,8.68,Gaussian,deblended,,other,confirmed,122,"Fe I 3902.9, Mg I 3903.9, Si I 3905.5, Fe I 3903.9"
,A,3916.63,0.0379,8.29,Gaussian,deblended,,other,uncertain_discarded,109,
,A,3928.21,0.0292,4.07,Gaussian,deblended,,other,uncertain_discarded,75,
Ca II 3934,A,3933.64,0.5137,7.45,Gaussian,deblended,,other,confirmed,76,Ca II 3933.7
,A,3947.95,0.0247,18.84,Gaussian,deblended,,other,uncertain_discarded,95,
,A,3955.92,0.0606,11.15,Gaussian,deblended,,other,confirmed,74,"Fe I 3956.7, Fe I 3956.4, Fe I 3957.0, Fe I 3955.3"
H$\epsilon$/Ca II 3968-70,A,3969.38,0.6572,13.81,Voigt,deblended,Hε,Balmer,confirmed,134,"H I 3970.0, H I 3970.1, Ca II 3968.5"
Fe I/Y II/Cr I 3982-84,A,3983.61,0.1085,12.92,Gaussian,deblended,,other,confirmed,106,"Fe I 3984.0, Y II 3982.6, Cr I 3983.9, Fe I 3981.8"
,A,3996.44,0.0273,4.18,Gaussian,deblended,,other,uncertain_discarded,72,
Fe I/V II 4005-06,A,4005.17,0.0578,16.11,Gaussian,deblended,,other,confirmed,115,"Fe I 4005.2, V II 4005.7, Fe I 4006.3"
Mn I/Fe I 4030-33,A,4031.39,0.0773,7.55,Gaussian,single,,other,confirmed,148,"Mn I 4030.8, Mn I 4033.1, Fe I 4030.5"
,A,4054.94,0.0399,20,Gaussian,deblended,,other,uncertain_discarded,166,
Fe I/Sr II 4078-80,A,4080.26,0.1019,20,Gaussian,deblended,,other,confirmed,148,"Sr II 4077.7, Fe I 4079.8, Fe I 4080.2, Fe I 4078.3"
H$\delta$ 4102,A,4101.81,0.5714,17.7,Voigt,deblended,Hδ,Balmer,confirmed,141,"H I 4101.7, H I 4101.8"
Fe I/Fe II 4125-28,A,4125.47,0.079,20,Gaussian,deblended,,other,confirmed,212,"Fe I 4126.2, Fe I 4127.6, Fe I 4125.6, Fe II 4124.8"
,A,4155.98,0.0365,6.34,Gaussian,deblended,,other,uncertain_discarded,153,
Fe I 4198-4202,A,4200.03,0.0572,8.66,Gaussian,single,,other,confirmed,349,"Fe I 4199.1, Fe I 4202.0, Fe I 4198.3, Fe I 4200.9"
,A,4217.08,0.0214,6.83,Gaussian,deblended,,other,uncertain_discarded,209,
Fe I/Ca I 4225-27,A,4225.83,0.07,4.96,Gaussian,deblended,,other,confirmed,145,"Ca I 4226.7, Fe I 4227.4, Fe I 4225.4"
,A,4235.83,0.0246,7.52,Gaussian,deblended,,other,uncertain_discarded,204,
,A,4248.64,0.0388,8.17,Gaussian,deblended,,other,uncertain_discarded,213,
,A,4260.31,0.0349,5.67,Gaussian,deblended,,other,uncertain_discarded,182,
Fe I/Fe II/Cr I 4271-75,A,4272.38,0.0641,7.06,Gaussian,single,,other,confirmed,237,"Fe I 4271.8, Fe I 4271.1, Fe II 4273.3, Cr I 4274.8"
,A,4289.01,0.0546,5.87,Gaussian,deblended,,other,uncertain_discarded,239,
,A,4300.05,0.068,7.76,Gaussian,deblended,,other,uncertain_discarded,295,
,A,4313.79,0.0668,20,Gaussian,deblended,,other,uncertain_discarded,212,
,A,4327.07,0.0442,8.03,Gaussian,deblended,,other,confirmed,190,"Fe I 4325.8, Sc II 4325.0, Fe I 4327.1"
H$\gamma$ 4340,A,4340.33,0.5542,15.88,Voigt,deblended,Hγ,Balmer,confirmed,171,"H I 4340.4, H I 4340.5, Ti II 4337.9"
,A,4352.62,0.0703,7.21,Gaussian,deblended,,other,confirmed,101,"Cr I 4351.8, Fe II 4351.8, Mg I 4351.9, Fe I 4352.7"
,A,4357.89,0.0159,11.21,Gaussian,deblended,,other,uncertain_discarded,127,
,A,4371.43,0.0244,6.73,Gaussian,deblended,,other,uncertain_discarded,215,
,A,4382.53,0.013,20,Gaussian,deblended,,other,uncertain_discarded,79,
Fe II/Ti II 4384-87,A,4385.37,0.0381,4.73,Gaussian,deblended,,other,confirmed,69,"Fe II 4385.4, Ti II 4386.9, Fe II 4384.3"
,A,4392.6,0.0183,17.14,Gaussian,deblended,,other,uncertain_discarded,108,
,A,4399.32,0.0267,10.91,Gaussian,deblended,,other,uncertain_discarded,134,
,A,4416.27,0.0516,5.34,Gaussian,deblended,,other,uncertain_discarded,171,
,A,4427.74,0.0119,12.14,Gaussian,deblended,,other,uncertain_discarded,106,
,A,4434.16,0.018,3.89,Gaussian,deblended,,other,uncertain_discarded,62,
,A,4436.96,0.0042,7.87,Gaussian,deblended,,other,uncertain_discarded,58,
,A,4444.13,0.0452,6.53,Gaussian,deblended,,other,uncertain_discarded,125,
,A,4456.46,0.0481,9.75,Gaussian,deblended,,other,uncertain_discarded,149,
,A,4468.05,0.0392,6.56,Gaussian,deblended,,other,uncertain_discarded,179,
Mg II/Fe I 4481-82,A,4481.31,0.0975,6.19,Gaussian,deblended,,other,confirmed,108,"Mg II 4481.1, Mg II 4481.3, Fe I 4482.2"
Fe II/Ti II 4488-91,A,4491.14,0.0387,7.55,Gaussian,deblended,,other,confirmed,114,"Fe II 4491.4, Ti II 4488.3, Fe II 4489.2"
,A,4500.82,0.0157,4.95,Gaussian,deblended,,other,uncertain_discarded,121,
Ba II/Ti II/Fe II 4549-54,A,4552.36,0.0689,12.22,Gaussian,single,,other,confirmed,330,"Ba II 4554.0, Ti II 4549.6, Fe II 4549.5"
Fe II/Ca I 4583-86,A,4584.85,0.0547,15.92,Gaussian,single,,other,confirmed,282,"Fe II 4583.8, Ca I 4585.9, Fe II 4582.8"
Cr II/Fe II/Fe I 4617-21,A,4618.44,0.026,8.09,Gaussian,deblended,,other,confirmed,102,"Cr II 4618.8, Fe II 4620.5, Cr II 4616.6, Fe I 4619.3"
Cr II/Fe II/Fe I/Ti II 4629-34,A,4632.72,0.0268,13.5,Gaussian,deblended,,other,confirmed,81,"Cr II 4634.1, Fe II 4629.3, Fe I 4632.9, Ti II 4629.3"
Fe I/Ni I/Cr I 4646-49,A,4647.82,0.0228,7.29,Gaussian,deblended,,other,confirmed,50,"Fe I 4647.4, Ni I 4648.6, Cr I 4646.2"
,A,4655.54,0.0105,3.53,Gaussian,deblended,,other,uncertain_discarded,34,
Fe I/Fe II/Sc II 4667-70,A,4668.52,0.0591,7.6,Gaussian,deblended,,other,confirmed,84,"Fe I 4668.1, Fe I 4667.4, Fe II 4666.8, Sc II 4670.4"
Fe I/Zn I 4679-80,A,4679.63,0.0196,7.3,Gaussian,deblended,,other,confirmed,46,"Fe I 4678.9, Fe I 4679.2, Zn I 4680.1"
Fe I/Ni I/Cr I 4686-91,A,4689.49,0.0092,6.65,Gaussian,deblended,,other,confirmed,60,"Fe I 4691.4, Fe I 4690.1, Ni I 4686.2, Cr I 4689.4"
Mg I/Fe I/Ni I 4703-07,A,4704.41,0.0425,14.22,Gaussian,deblended,,other,confirmed,73,"Mg I 4703.0, Fe I 4707.3, Ni I 4703.8"
,A,4716.31,0.008,5.69,Gaussian,deblended,,other,uncertain_discarded,67,
Fe I/Fe II 4731-37,A,4733.6,0.0309,13,Gaussian,deblended,,other,confirmed,72,"Fe II 4731.4, Fe I 4736.8, Fe I 4733.6"
Fe I/Si I 4744-48,A,4746.79,0.0111,7.91,Gaussian,deblended,,other,confirmed,45,"Fe I 4745.8, Fe I 4744.4, Si I 4748.0"
,A,4761.03,0.0275,20,Gaussian,deblended,,other,confirmed,36,"Mn I 4762.4, C I 4762.5, Mn I 4761.5, C I 4762.3"
Mn I/Ti II/Fe I 4764-66,A,4764.56,0.018,5.74,Gaussian,deblended,,other,confirmed,19,"Ti II 4763.9, Mn I 4766.4, Mn I 4765.9, Fe I 4765.2"
,A,4770.09,0.0087,11.13,Gaussian,deblended,,other,uncertain_discarded,37,
,A,4785.94,0.0119,11.52,Gaussian,deblended,,other,uncertain_discarded,50,
,A,4804.76,0.012,7.79,Gaussian,single,,other,uncertain_discarded,78,
,A,4844.38,0.0314,14.31,Gaussian,deblended,,other,confirmed,101,"Cr II 4848.2, Fe I 4843.1, Fe I 4842.8, Fe I 4844.0"
H$\beta$ 4861,A,4861.14,0.5087,17.93,Voigt,deblended,Hβ,Balmer,confirmed,50,"H I 4861.3, H I 4861.4"
,A,4874.46,0.0343,6.87,Gaussian,deblended,,other,confirmed,42,"Fe I 4872.1, Ti II 4874.0, Cr II 4876.4, Fe I 4871.3"
Fe I/Y II 4884-87,A,4886.01,0.0572,15.27,Gaussian,deblended,,other,confirmed,72,"Fe I 4886.3, Y II 4883.7, Fe I 4885.4, Fe I 4887.2"
Fe I/Fe II 4919-24,A,4921.42,0.0479,6.42,Gaussian,deblended,,other,confirmed,54,"Fe I 4920.5, Fe I 4919.0, Fe II 4923.9"
,A,4935.62,0.0263,9.98,Gaussian,deblended,,other,uncertain_discarded,54,
Fe I 4957-58,A,4956.88,0.0357,6.16,Gaussian,single,,other,confirmed,25,"Fe I 4957.6, Fe I 4957.3, Fe I 4957.7"
,A,4968.58,0.0136,6.25,Gaussian,single,,other,uncertain_discarded,48,
Fe I/Ni I 4982-84,A,4983.59,0.0571,7.41,Gaussian,single,,other,confirmed,67,"Fe I 4983.9, Fe I 4982.5, Fe I 4983.2, Ni I 4984.1"
Fe I 5002-06,A,5004.35,0.0319,8.9,Gaussian,deblended,,other,confirmed,85,"Fe I 5005.7, Fe I 5006.1, Fe I 5001.9"
Fe II/Ni I/Fe I/Ca II 5015-20,A,5017.72,0.0549,8.95,Gaussian,deblended,,other,confirmed,118,"Fe II 5018.4, Ni I 5017.6, Fe I 5014.9, Ca II 5020.0"
Fe I/C I/Ni I 5035-42,A,5039.28,0.0623,12.76,Gaussian,deblended,,other,confirmed,86,"Fe I 5040.9, Fe I 5041.8, C I 5039.1, Ni I 5035.4"
Fe I/C I 5050-52,A,5053.05,0.0225,6.12,Gaussian,deblended,,other,confirmed,42,"C I 5052.2, Fe I 5051.6, Fe I 5049.8"
,A,5080.69,0.0143,7.07,Gaussian,deblended,,other,uncertain_discarded,63,
Fe I/Ni I 5097-5100,A,5098.93,0.0334,7.65,Gaussian,deblended,,other,confirmed,35,"Fe I 5098.7, Fe I 5098.6, Fe I 5097.0, Ni I 5099.9"
,A,5109.22,0.0106,5,Gaussian,deblended,,other,uncertain_discarded,36,
,A,5127.53,0.0164,13.88,Gaussian,deblended,,other,uncertain_discarded,49,
,A,5139.47,0.0153,5.44,Gaussian,deblended,,other,uncertain_discarded,43,
Fe II/Mg I/Fe I 5167-69,A,5169.12,0.091,7.99,Gaussian,single,,other,confirmed,51,"Fe II 5169.0, Mg I 5167.3, Fe I 5167.5"
Mg I/Ti II 5184-89,A,5184.52,0.0263,4.34,Gaussian,deblended,,other,confirmed,29,"Mg I 5183.6, Ti II 5185.9, Ti II 5188.7"
Cr I/Fe I 5204-09,A,5206.95,0.0264,5.81,Gaussian,deblended,,other,confirmed,24,"Cr I 5206.0, Cr I 5208.4, Cr I 5204.5, Fe I 5208.6"
,A,5216.33,0.0093,4.71,Gaussian,deblended,,other,uncertain_discarded,38,
Fe I 5227-33,A,5230.07,0.0489,10.95,Gaussian,single,,other,confirmed,51,"Fe I 5229.8, Fe I 5229.9, Fe I 5227.2, Fe I 5232.9"
,A,5252.21,0.0079,5.08,Gaussian,deblended,,other,uncertain_discarded,28,
,A,5263.99,0.0114,4.66,Gaussian,deblended,,other,uncertain_discarded,31,
Fe I/Ca I 5267-70,A,5268.38,0.0872,13.58,Gaussian,deblended,,other,confirmed,18,"Fe I 5269.5, Fe I 5270.4, Fe I 5266.6, Ca I 5270.3"
,A,5275.89,0.0112,4.23,Gaussian,deblended,,other,uncertain_discarded,22,
Fe I/Fe II 5282-84,A,5282.61,0.0347,8.16,Gaussian,deblended,,other,confirmed,22,"Fe I 5283.6, Fe I 5281.8, Fe II 5284.1"
Fe I/Cr I/Cr II 5297-5306,A,5301.4,0.0177,13.47,Gaussian,deblended,,other,confirmed,54,"Fe I 5302.3, Cr I 5298.3, Cr I 5297.4, Cr II 5305.9"
Fe I/Fe II/Cr I 5326-29,A,5327.46,0.024,5.06,Gaussian,deblended,,other,confirmed,30,"Fe I 5328.0, Fe I 5328.5, Fe II 5325.6, Cr I 5328.3"
,A,5336.51,0.0241,14.85,Gaussian,deblended,,other,confirmed,14,"Ti II 5336.8, Cr II 5334.9, Fe II 5337.7"
Fe I/Ca II 5339-41,A,5339.32,0.016,4.7,Gaussian,deblended,,other,confirmed,11,"Fe I 5339.9, Fe I 5341.0, Ca II 5339.2"
Cr I/Ca I 5346-49,A,5346.45,0.0108,15.5,Gaussian,deblended,,other,confirmed,24,"Cr I 5345.8, Ca I 5349.5, Cr I 5348.3"
Fe I 5365-71,A,5367.63,0.0468,10.53,Gaussian,single,,other,confirmed,25,"Fe I 5367.5, Fe I 5370.0, Fe I 5364.9, Fe I 5371.5"
Fe I/C I/Ti II 5380-83,A,5381.67,0.0181,5.26,Gaussian,single,,other,confirmed,19,"Fe I 5383.4, C I 5380.3, Ti II 5381.0"
Ni I/Fe I/Cr II 5476-78,A,5476.77,0.0258,6.2,Gaussian,single,,other,confirmed,32,"Ni I 5476.9, Fe I 5476.6, Fe I 5476.3, Cr II 5478.4"
Fe I/Cr II 5501-07,A,5504.82,0.0173,13,Gaussian,single,,other,confirmed,60,"Fe I 5506.8, Fe I 5501.5, Fe I 5505.7, Cr II 5502.1"
Mg I/Sc II/Fe I 5526-28,A,5528.92,0.0333,9.06,Gaussian,single,,other,confirmed,38,"Mg I 5528.4, Sc II 5526.8, Fe I 5525.5"
Ca I/Fe I 5590-98,A,5593.81,0.0317,19.07,Gaussian,single,,other,confirmed,73,"Ca I 5594.5, Fe I 5594.6, Ca I 5590.1, Ca I 5598.5"
Fe I/Ni I 5615-19,A,5616.13,0.0164,6.44,Gaussian,single,,other,confirmed,38,"Fe I 5615.6, Fe I 5615.3, Ni I 5614.8, Fe I 5618.6"
Fe I/Sc II 5655-63,A,5659.15,0.0276,12.06,Gaussian,single,,other,confirmed,85,"Fe I 5658.8, Sc II 5657.9, Fe I 5655.5, Fe I 5662.5"
Na I/Fe I/Si I 5683-88,A,5686.96,0.0349,11.59,Gaussian,single,,other,confirmed,52,"Na I 5688.2, Fe I 5686.5, Si I 5684.5, Na I 5682.6"
Ca I/Fe I 5857-62,A,5858.34,0.0146,19.09,Gaussian,deblended,,other,confirmed,92,"Ca I 5857.4, Fe I 5859.6, Fe I 5862.4"
,A,5901.1,0.0528,5.94,Gaussian,deblended,,other,uncertain_discarded,16,
,A,5909.27,0.0294,6.23,Gaussian,deblended,,other,uncertain_discarded,14,
,A,5919.87,0.1458,17.76,Gaussian,deblended,,other,uncertain_discarded,21,
Fe I 5930-35,A,5933.28,0.0289,3.83,Gaussian,deblended,,other,confirmed,25,"Fe I 5930.2, Fe I 5934.6, Fe I 5929.7"
,A,5945.49,0.1776,12.76,Gaussian,deblended,,other,uncertain_discarded,23,
,A,5958.17,0.0564,5.65,Gaussian,deblended,,other,uncertain_discarded,39,
,A,5970.34,0.0874,19.28,Gaussian,deblended,,other,uncertain_discarded,14,
,A,5990.86,0.0577,20,Gaussian,deblended,,other,uncertain_discarded,30,
C I/Mn I/Fe I 6013-20,A,6016.22,0.0287,20,Gaussian,deblended,,other,confirmed,68,"C I 6013.2, Mn I 6016.7, C I 6014.8, Fe I 6020.2"
Fe I/Ca I 6102-03,A,6102.31,0.0202,10.12,Gaussian,single,,other,confirmed,66,"Ca I 6102.7, Fe I 6102.2, Fe I 6103.2"
,A,6279.22,0.1411,8.3,Gaussian,deblended,,other,uncertain_discarded,13,
,A,6295.48,0.0635,20,Gaussian,deblended,,other,uncertain_discarded,15,
Ca I/Fe I/Fe II 6318,A,6318.48,0.0392,10.14,Gaussian,deblended,,other,confirmed,25,"Ca I 6318.1, Fe I 6318.0, Fe II 6318.0"
Si II/Ca I/Mg II 6343-47,A,6346.65,0.028,10.11,Gaussian,single,,other,confirmed,25,"Si II 6347.1, Ca I 6343.3, Mg II 6346.7"
Si II 6371,A,6371,,,,,,,,,
Ca I/Fe II/Ca II 6456-63,A,6459.53,0.0647,14.16,Gaussian,deblended,,other,confirmed,28,"Ca I 6462.6, Fe II 6456.4, Ca II 6456.9"
Ba II/Fe I/Ca I 6494-97,A,6494.63,0.0869,8.9,Gaussian,deblended,,other,confirmed,22,"Ba II 6496.9, Fe I 6495.0, Ca I 6493.8"
,A,6517.26,0.1393,8.08,Gaussian,deblended,,other,uncertain_discarded,10,
,A,6534.36,0.0459,5.46,Gaussian,deblended,,other,uncertain_discarded,11,
,A,6547.23,0.076,11.31,Gaussian,deblended,,other,uncertain_discarded,6,
H$\alpha$ 6563,A,6562.59,0.4254,16.78,Voigt,deblended,Hα,Balmer,confirmed,18,"H I 6562.9, H I 6562.7, H I 6562.8"
,A,6581.79,0.0372,20,Gaussian,deblended,,other,uncertain_discarded,33,