H-14,B,H14,3721.6,,,,,,,,,H14,3721.9,,,,3723.2521,,,,,,,,STRU1,Struve O. Swings P. Investigations of Typical Stellar Spectra With High Dispersion I
H-13,B,H13,3734,,,,,,,,,H13,3734.4,,,,3735.3674,,,,,,,,STRU2,Struve O. Swings P. The spectrum of Alfa 2 CVn
H-12,B,H12,3749.8,,,,,,,,,H12,3750.2,,,,3749.9345,,,,,,,,Greenstein,The spectrum of alpha carinae
,,,,,,,,,,,,,,,,M,3759.69,,,,,,,,,
H-11,B,H11,3770.2,,,,,,,,,H11,3770.6,,,,3771.5038,,,,,,,,,
H-10,B,H10,3797.5,,,,,,,,,H10,3797.9,,,,3797.9054,,,,,,,,,
Fe I/Fe II 3814-16,C,,,,,,,,,,,Fe II/Fe I,3814-16,,,,3815.2258,,,,,,,,,
H-9,A,H9,3835,H9,,,,,,,,H9,3835.4,,,,3835.6925,,,,,,,,,
Fe I 3860,C,,,,,,,,,,,Fe I,3859.9,,,,3858.1322,,,,,,,,,
H-8,A,H8,3888.6,H8,,,,,,H8,3889.05,H8,3889,,,,3889.3029,,,,,,,,,
,,,,,,,,,,,,,,,,,3916.7781,,,,,,,,,
Ca II 3934,A,Ca II,3934,Ca II K,,,,Ca II,3933.6,Ca II,3933.67,Ca II,3933.7,Ca II,3933.6,,3933.7575,,,,,,,,,
H$\epsilon$/Ca II 3968,A,Hepsilon,3970.07,Hepsilon,,,,Hepsilon/Ca II,3968-70,Hepsilon/Ca II,3968.47,Hepsilon,3970.1,Hepsilon,3970.07,,3969.6864,,,,,,,,,
V II/Fe I 3997,C,,,,,,,V II/Fe I,3997,,,,,,,,3997.2871,,,,,,,,,
V II 4006,C,,,,,,,Fe I/V II,4005-06,V II,4005.71,,,,,,4005.8471,,,,,,,,,
Fe II/Ti II 4025,B,,,,,,,Ti II,4025-28,Fe II/Ti II,4024-25,Fe II,4024.6,,,,4025.4702,,,,,,,,,
,,,,,,,,Mn I,4031-33,Fe II,4031-33,,,Fe I/Mn I,4030-33,,4032.3625,,,,,,,,,
Fe I 4046,A,,,Fe I,4046,,,Fe I,4045.8,Fe I,4045.81,Fe I,4045.8,,,,4045.5389,,,,,,,,,
Fe II 4057,C,,,,,,,Ti II/Mg I/Fe II,4056-57,,,Fe II,4057.2,,,,4056.1141,,,,,,,,,
,,,,,,,,Fe I,4063.6,Ni II/Cr II,4067.05,,,,,,4065.2354,,,,,,,,,
Sr II 4078,A,,,,,,,Sr II ,4077.7,Sr II,4077.71,Sr II,4077.7,,,,4078.4751,,,,,,,,,
H$\delta$,A,Hdelta,4101.74,Hdelta,,,,Hdelta,4101.75,Hdelta,4101.74,Hdelta,4101.8,Hdelta,4101.74,,4102.2078,,,,,,,,,
SI II 4128-31,A,,,,,,,Si II,4128-31,Si II,4128-31,Si II,4128-31,,,MWK,4129.17,,,,,,,,,
Fe I 4144,B,,,,,,,Fe I,4143.89,,,Fe I,4143.9,,,,4144.4133,,,,,,,,,
,,,,,,,,,,,,,,,,,4156.1926,,,,,,,,,
Fe II 4173-79,B,,,Fe II/Ti II,4172-79,,,Y II/Fe II,4178,Fe II,4173-79,Fe II,4173.4,Fe II,4173-79,TP,4175.6016,,,,,,,,,
Fe I 418-88,C,,,,,,,,,,,,,Fe I,4187-88,TP,4186.6411,,,,,,,,,
Fe I/Y II 4198-02,C,,,,,,,Fe I/Y II,4198-02,,,,,,,,4200.6223,,,,,,,,,
Sr II 4216,A,,,,,,,Sr II,4215.5,Sr II,4215.52,Sr II,4215.5,,,,4216.6211,,,,,,,,,
Ca I/Fe I 4227,B,,,Ca I,4226,,,Ca I/Fe I,4227,,,Fe I,4224-27,Ca I,4226.73,,4226.5798,,,,,,,,,
Fe I 4236,C,,,,,,,,,,,Fe I,4235.9,,,,4235.3271,,,,,,,,,
,,,,,,,,Sc II/Fe I,4247-51,,,Cr II,4250.5,,,,4249.6477,,,,,,,,,
Cr II 4262,B,,,,,,,,,Cr II,4261.9,Cr II,4261.9,,,,4260.7983,,,,,,,,,
Fe II 4273,B,,,,,,,Fe I/Fe II/Cr I,4271-75,Fe II,4273.32,Fe II,4273.3,,,,4273.442,,,,,,,,,
Ti II 4290,B,,,,,,,Ti II,4290.23,Ti II,4290.23,,,,,,4290.861,,,,,,,,,
Ti II/Fe II 4300-03,A,,,,,,,Ti II/Fe II,4300-03,Ti II/Fe II,4300-03,Ti II/Fe II,4300-03,,,,4302.0996,,,,,,,,,
Ti II 4315,C,,,,,,,Ti II/Fe I,4315,,,Ti II,4315,,,,4315.8579,,,,,,,,,
Fe I 4326,B,,,,,,,Fe I,4325.8,,,Fe I,4325.8,,,MK,4326.99,,,,,,,,,
H$\gamma$,A,Hgamma,4340.47,Hgamma,,,,Hgamma,4340.48,Hgamma,4340.46,Hgamma,4340.5,Hgamma,4340.47,,4340.9961,,,,,,,,,
Fe II 4352,B,,,,,,,Fe II/Mg I,4351.8,Fe II,4351.76,Fe II,4351.8,,,MSK,4352.2,,,,,,,,,
Fe II 4369,C,,,,,,,Ti II/Fe I,4368,Fe II,4369.4,Fe II,4369.4,,,M,4369.31,,,,,,,,,
Ti II 4375,C,,,,,,,Y II/Ti II,4375,,,Ti II,4374.8,,,M,4375.5,,,,,,,,,
Fe I/Fe II 4384-85,B,,,,,,,Fe I/Fe II,4384-85,Fe II,4385.38,Fe II,4385.4,Fe I/Fe II,4383-85,,4385.5762,,,,,,,,,
Ti II 4395,B,,,Fe II/Ti II,4395-4400,,,Ti II,4395.04,Ti II,4395.04,Ti II,4395-96,,,TP,4395.9775,,,,,,,,,
Ti II 4400,B,,,Fe II/Ti II,4395-4400,,,Ti II/Fe I,4400-05,Ti II,4399.77,,,,,TP,4401.043,,,,,,,,,
Fe II/Ti II 4417-18,B,,,Ti II,4417,,,Fe II/Ti II,4417-18,Fe II,4416.82,Fe II,4416.8,,,,4417.1246,,,,,,,,,
Ca I 4435-36,C,,,,,,,Ca I,4435-36,,,,,,,,4434.8458,,,,,,,,,
Ti II 4444,A,,,,,,,Ti II,4443.8,Ti II,4443.8,Ti II,4443.8,,,,4444.2303,,,,,,,,,
Fe II 4455,C,,,,,,,,,,,Fe II,4455.2,,,,4456.25,,,,,,,,,
Ti II 4469,A,,,,,,,Ti II,4468.5,Ti II,4468.5,Ti II,4468.5,Ti II,4468,,4468.8607,,,,,,,,,
Mg II 4481,A,,,Mg II,4481,,,Mg II,4481,Mg II,4481.33,Mg II,4481.3,Mg II,4481,,4482.19,,,,,,,,,
Fe II 4491,B,,,,,,,Fe II,4491.42,Fe II,4491.4,Fe II,4489-94,,,,4491.3572,,,,,,,,,
Ti II 4501,A,,,,,,,Ti II,4501.3,Ti II,4501.27,Ti II,4501.2,,,M,4501.99,,,,,,,,,
Fe II 4508,A,,,,,,,Fe II,4508.3,Fe II,4508.28,Fe II,4508.3,,,M,4509.12,,,,,,,,,
Fe II 4513,A,,,,,,,Fe II,4515.3,Fe II,4515.34,Fe II,4515.3,,,MK,4516.73,,,,,,,,,
Fe II 4523,B,,,,,,,Fe II,4522.6,Fe II,4522.63,,,,,M,4522.91,,,,,,,,,
Ti II/Fe II 4530-34,C,,,,,,,,,,,Ti II/Fe II,4530-34,,,wide,4531.6583,,,,,,,,,
Fe II/Ti II 4550,B,,,,,,,Fe II/Ti II,4549.6,Fe II/Ti II,4549.5,Fe II,4549.5,Fe II/Ti II,4550,TSP,4551.0161,,,,,,,,,
Cr II/Fe II 4555-59,B,,,,,,,Ba II/Cr II/Fe II/Fe I,4554-58,Cr II/Fe II,4555-59,Cr II/Fe II,4555-59,,,TSP,4555.8022,,,,,,,,,
,,,,,,,,,,Ti II,4563.79,Cr II,4565.8,,,,4564.6054,,,,,,,,,
Ti II 4572,B,,,,,,,Ti II,4571.98,Ti II,4571.98,Ti II,4572,,,,4573.485,,,,,,,,,
Fe II 4584,A,,,,,,,Fe II,4583.8,Fe II,4583.83,Fe II,4583-84,Fe II/Cr II,4584-88,PK,4583.8447,,,,,,,,,
Cr II 4588-92,B,,,,,,,Cr II/Ti II,4588-90,Cr II,4588-92,Cr II,4588-92,Fe II/Cr II,4584-88,PK,4589.7651,,,,,,,,,
,,,,,,,,,,,,,,,,M,4603.27,,,,,,,,,
Cr II 4617-19,B,,,,,,,Cr II/Fe II,4617-21,Cr II,4617-19,Cr II,4617-19,,,,4619.1957,,,,,,,,,
Fe II 4629,B,,,,,,,Ti II/Fe II,4629.3,Fe II,4629.3,Fe II,4629.3,Fe II/Cr II,4630-35,TSP,4630.4155,,,,,,,,,
Cr II/Fe II 4634-35,B,,,,,,,,,Cr II/Fe II,4634-35,Cr II/Fe II,4634-35,Fe II/Cr II,4630-35,TSP,4636.1514,,,,,,,,,
,,,,,,,,,,,,,,,,,4648.5796,,,,,,,,,
Fe II 4667-70,C,,,,,,,Fe II/Sc II,4667-70,,,Fe II,4667-70,,,,4668.8875,,,,,,,,,
,,,,,,,,,,,,,,,,,4680.6884,,,,,,,,,
Mg I 4703,B,,,,,,,Mg I,4702.96,,,,,Mg I,4703,PK,4703.2163,,,,,,,,,
Ti II 4709,C,,,,,,,Ti II,4708.7,,,,,,,PK,4708.5742,,,,,,,,,
,,,,,,,,,,,,,,,,MK,4715.5,,,,,,,,,
Fe II 4732,B,,,,,,,Fe II,4731.5,Fe II,4731.44,,,,,AW,4731.1592,,,,,,,,,
,,,,,,,,,,,,,,,,AW,4735.7578,,,,,,,,,
,,,,,,,,,,,,,,,,,4755.961,,,,,,,,,
Ti II 4763-65,B,,,,,,,Ti II,4763-65,,,,,Ti II,4764,PK,4764.7915,,,,,,,,,
,,,,,,,,,,,,,,,,PK,4769.626,,,,,,,,,
,,,,,,,,,,,,,,,,AW,4782.7368,,,,,,,,,
,,,,,,,,,,,,,,,,AW,4788.1997,,,,,,,,,
Ti II 4806,C,,,,,,,Ti II,4805.8,,,,,,,PK,4803.9082,,,,,,,,,
Cr II 4812,C,,,,,,,Cr II,4812.34,,,,,,,PK,4813.0723,,,,,,,,,
Cr II 4824,A,,,,,,,Cr II,4824.1,Cr II,4824.13,,,Cr II,4824,,4824.9155,,,,,,,,,
H$\beta$,A,Hbeta,4861.33,,,,,Hbeta,4861.34,Hbeta,4861.33,,,Hbeta,4861.33,,4861.6124,,,,,,,,,
,,,,,,,,,,,,,,,,MSK,4885.74,,,,,,,,,
Fe I 4891,B,,,,,,,Fe I,4891,,,,,Fe I,4891.5,MWK,4889.06,,,,,,,,,
Y II 4900,C,,,,,,,Y II,4900.1,,,,,,,,4901.7361,,,,,,,,,
Ti II 4911,C,,,,,,,Ti II,4911.2,,,,,,,,4911.255,,,,,,,,,
Fe II 4924,A,,,,,,,Fe II,4923.94,Fe II,4923.92,,,Fe II,4923.92,,4922.1071,,,,,,,,,
Ba II 4934,B,,,,,,,Ba II,4934.08,,,,,Fe I/Ba II,4934,AW,4934.4648,,,,,,,,,
,,,,,,,,,,,,,,,,AW,4938.4839,,,,,,,,,
Fe I 4957,B,,,,,,,Fe I,4957.6,,,,,Fe I,4957,,4957.7861,,,,,,,,,
,,,,,,,,,,,,,,,,wide,4969.3082,,,,,,,,,
,,,,,,,,,,,,,,,,ATP,4983.5796,,,,,,,,,
,,,,,,,,,,,,,,,,ATP,4992.5566,,,,,,,,,
,,,,,,,,,,,,,,,,TP,5005.2305,,,,,,,,,
Fe II 5018,B,,,,,,,,,Fe II,5018.43,,,Fe II,5018.44,TP,5017.8774,,,,,,,,,
Si II 5041,B,,,,,,,,,Si II,5041.13,,,Si II,5041.02,,5040.6582,,,,,,,,,
,,,,,,,,,,,,,,,,,5051.6787,,,,,,,,,
Si II 5056,B,,,,,,,,,Si II,5056.17,,,Si II,5056,MK,5057.4,,,,,,,,,
,,,,,,,,,,,,,,,,MK,5068.34,,,,,,,,,
,,,,,,,,,,,,,,,,,5080.2669,,,,,,,,,
,,,,,,,,,,,,,,,,,5098.9828,,,,,,,,,
,,,,,,,,,,,,,,,,,5108.9722,,,,,,,,,
,,,,,,,,,,,,,,,,M,5125.4,,,,,,,,,
,,,,,,,,,,,,,,,,,5139.2438,,,,,,,,,
,,,,,,,,,,,,,,,,,5153.9572,,,,,,,,,
Fe II/Mg I 5167-73,B,Mg I,5167-73,,,,,,,Fe II,5168.97,,,Mg I,5167-73,,5169.5372,,,,,,,,,
Mg I 5184,A,Mg I,5184,,,,,,,Mg I,5183.62,,,Mg I,5183.6,,5185.1539,,,,,,,,,
Fe II 5198,B,,,,,,,,,Fe II,5197.57,,,Fe II,5197.58,M,5198.16,,,,,,,,,
,,,,,,,,,,,,,,,,,5206.4803,,,,,,,,,
,,,,,,,,,,,,,,,,,5217.0623,,,,,,,,,
Ti II 5227,C,,,,,,,,,,,,,Ti II/Fe II,5227-34,TP,5227.916,,,,,,,,,
Fe II 5235,C,,,,,,,,,Fe II,5234.62,,,Ti II/Fe II,5227-34,TP,5234.3428,,,,,,,,,
,,,,,,,,,,,,,,,,M,5254.74,,,,,,,,,
Fe II 5265,C,,,,,,,,,Fe II,5264.8,,,,,SW,5265.7725,,,,,,,,,
,,,,,,,,,,,,,,,,SW,5269.3115,,,,,,,,,
Fe II 5276,B,,,,,,,,,Fe II,5275.99,,,Fe II,5276,MK,5275.67,,,,,,,,,
Fe II 5284,C,,,,,,,,,Fe II,5284.09,,,,,,5283.1606,,,,,,,,,
,,,,,,,,,,,,,,,,MW,5299.44,,,,,,,,,
Fe II 5317,B,,,,,,,,,Fe II,5316.7,,,Fe II,5317,,5316.9102,,,,,,,,,
,,,,,,,,,,,,,,,,,5327.9759,,,,,,,,,
,,,,,,,,,,,,,,,,,5338.982,,,,,,,,,
,,,,,,,,,,,,,,,,MK,5350.8,,,,,,,,,
Fe II 5363,C,,,,,,,,,Fe II,5362.86,,,,,,5365.4111,,,,,,,,,
,,,,,,,,,,,,,,,,,5370.729,,,,,,,,,
,,,,,,,,,,,,,,,,,5381.9447,,,,,,,,,
,,,,,,,,,,,,,,,,M,5398.35,,,,,,,,,
,,,,,,,,,,,,,,,,,5405.7,,,,,,,,,
,,,,,,,,,,,,,,,,MSK,5411.19,,,,,,,,,
,,,,,,,,,,,,,,,,MSK,5415.47,,,,,,,,,
,,,,,,,,,,,,,,,,M,5424.51,,,,,,,,,
,,,,,,,,,,,,,,,,M,5430.21,,,,,,,,,
S II 5433,C,,,,,,,,,S II,5432.83,,,,,M,5434.49,,,,,,,,,
,,,,,,,,,,,,,,,,,5446.8267,,,,,,,,,
,,,,,,,,,,,,,,,,,5456.1839,,,,,,,,,
,,,,,,,,,,,,,,,,,5463.9425,,,,,,,,,
,,,,,,,,,,,,,,,,,5477.384,,,,,,,,,
,,,,,,,,,,,,,,,,M,5488.7,,,,,,,,,
,,,,,,,,,,,,,,,,MSK,5497.26,,,,,,,,,
,,,,,,,,,,,,,,,,wide,5505.8983,,,,,,,,,
,,,,,,,,,,,,,,,,PK,5528.2847,,,,,,,,,
Fe II 5535,C,,,,,,,,,Fe II,5534.86,,,,,PK,5535.3481,,,,,,,,,
,,,,,,,,,,,,,,,,,5545.7741,,,,,,,,,
,,,,,,,,,,,,,,,,AW,5566.9927,,,,,,,,,
,,,,,,,,,,,,,,,,AW,5573.7104,,,,,,,,,
Ca I/Fe I 5587-90,C,,,,,,,,,,,,,Ca I/Fe I,5587-90,TP,5588.7275,,,,,,,,,
,,,,,,,,,,,,,,,,TP,5599.7764,,,,,,,,,
,,,,,,,,,,,,,,,,,5616.5789,,,,,,,,,
,,,,,,,,,,,,,,,,,5625.9144,,,,,,,,,
,,,,,,,,,,,,,,,,AW,5636.6812,,,,,,,,,
,,,,,,,,,,,,,,,,AW,5642.0605,,,,,,,,,
,,,,,,,,,,,,,,,,,5659.5136,,,,,,,,,
,,,,,,,,,,,,,,,,KP,5701.1074,,,,,,,,,
,,,,,,,,,,,,,,,,KP,5709.9819,,,,,,,,,
,,,,,,,,,,,,,,,,M,5754.52,,,,,,,,,
,,,,,,,,,,,,,,,,M,5784.96,,,,,,,,,
,,,,,,,,,,,,,,,,M,5816.82,,,,,,,,,
,,,,,,,,,,,,,,,,KP,5853.7705,,,,,,,,,
,,,,,,,,,,,,,,,,KP,5858.6504,,,,,,,,,
Na I 5890,B,Na I,5890,,,,,,,,,,,Na I,5889-96,TP,5890.7861,,,,,,,,,
Na I 5896,B,Na I,5896,,,,,,,,,,,Na I,5889-96,TP,5897.2461,,,,,,,,,
,,,,,,,,,,,,,,,,telluric?,5915.1763,,,,,,,,,
,,,,,,,,,,,,,,,,telluric?,5921.3042,,,,,,,,,
,,,,,,,,,,,,,,,,telluric?,5932.37,,,,,,,,,
,,,,,,,,,,,,,,,,telluric?,5943.439,,,,,,,,,
,,,,,,,,,,,,,,,,telluric?,5948.7534,,,,,,,,,
Telluric $H_2O$/Si II 5958,C,,,,,,,,,telluric + Si II,5957.61,,,,,telluric?,5958.7,,,,,,,,,
,,,,,,,,,,,,,,,,,5968.8038,,,,,,,,,
Telluric $H_2O$/Si II 5979,C,,,,,,,,,Si II,5978.96,,,,,,5977.4194,,,,,,,,,
,,,,,,,,,,,,,,,,,5987.9286,,,,,,,,,
,,,,,,,,,,,,,,,,,6066.3167,,,,,,,,,
,,,,,,,,,,,,,,,,,6102.8523,,,,,,,,,
,,,,,,,,,,,,,,,,,6122.8745,,,,,,,,,
,,,,,,,,,,,,,,,,,6140.6281,,,,,,,,,
,,,,,,,,,,,,,,,,TP,6162.1938,,,,,,,,,
,,,,,,,,,,,,,,,,TP,6170.6201,,,,,,,,,
,,,,,,,,,,,,,,,,,6193.4926,,,,,,,,,
,,,,,,,,,,,,,,,,AW,6214.4375,,,,,,,,,
,,,,,,,,,,,,,,,,AW,6218.959,,,,,,,,,
,,,,,,,,,,,,,,,,,6232.7098,,,,,,,,,
,,,,,,,,,,,,,,,,,6240.128,,,,,,,,,
Fe II 6248,C,,,,,,,,,Fe II,6247.56,,,,,,6247.4455,,,,,,,,,
Telluric $O_2$,A,,,,,,,,,,,,,,,telluric?,6279.6522,,,,,,,,,
,,,,,,,,,,,,,,,,telluric?,6293.2412,,,,,,,,,
,,,,,,,,,,,,,,,,,6301.2114,,,,,,,,,
,,,,,,,,,,,,,,,,,6319.4453,,,,,,,,,
Si II 6347,C,,,,,,,,,Si II,6347.1,,,,,,6348.0885,,,,,,,,,
Si II 6371,C,,,,,,,,,Si II,6371.36,,,,,,6371.6866,,,,,,,,,
Fe II 6417,C,,,,,,,,,Fe II,6416.9,,,,,,6418.1059,,,,,,,,,
,,,,,,,,,,,,,,,,telluric?,6495.3367,,,,,,,,,
,,,,,,,,,,,,,,,,telluric?,6517.2238,,,,,,,,,
H$\alpha$,A,Halfa,6562.82,,,,,,,Halfa,6562.82,,,Halfa,6562.82,,6563.244,,,,,,,,,