H-16,C,H16,3703.5,,,,,,,,,,,,,,3704.3875,,,,,,,,STRU1,Struve O. Swings P. Investigations of Typical Stellar Spectra With High Dispersion I
H-15,B,H15,3711.6,,,,,,,,,H15,3712,,,,3713.2467,,,,,,,,STRU2,Struve O. Swings P. The spectrum of Alfa 2 CVn
H-14,B,H14,3721.6,,,,,,,,,H14,3721.9,,,,3722.573,,,,,,,,Buscombe,Spectrophotometry of early A-type stars
H-13,B,H13,3734,,,,,,,,,H13,3734.4,,,,3735.3285,,,,,,,,Marshall,The visual region of the spectra of early type stars
H-12,B,H12,3749.8,,,,,,,,,H12,3750.2,,,,3750.0098,,,,,,,,,
Ti II/Fe II 3761-63,C,,,,,,,,,,,Ti II/Fe II,3761-63,,,,3761.1008,,,,,,,,,
H-11,B,H11,3770.2,,,,,,,,,H11,3770.6,,,,3770.9298,,,,,,,,,
,,,,,,,,,,,,,,,,,3784.8373,,,,,,,,,
H-10,B,H10,3797.5,,,,,,,,,H10,3797.9,,,,3797.8605,,,,,,,,,
Fe II 3814,C,,,,,,,,,,,Fe II,3814.1,,,,3814.1603,,,,,,,,,
Fe I 3820-22,C,,,,,,,,,,,Fe I,3820-22,,,,3820.1444,,,,,,,,,
Fe I 3826-28,C,,,,,,,,,,,Fe I,3826-28,,,MK,3826.45,,,,,,,,,
H-9,B,H9,3835,,,,,,,,,H9,3835.4,,,,3835.1937,,,,,,,,,
Si II 3854-56,C,,,,,,,,,,,Si II,3854-56,,,,3855.7002,,,,,,,,,
Si II 3863,B,,,,,,,,,Si II,3862.66,Si II,3862.6,,,,3862.7539,,,,,,,,,
Fe I 3873,C,,,,,,,,,Fe I,3872.5,,,,,,3872.05,,,,,,,,,
H-8,A,H8,3888.6,,,,,,,H8,3889.05,H8,3889,,,,3888.4498,,,,,,,,,
Ti II 3901,A,,,,,,,Ti II,3900.55,Ti II,3900.54,Ti II,3900.5,,,,3900.4673,,,,,,,,,
,,,,,,,,,,,,,,,,,3904.5242,,,,,,,,,
Ti II 3913,A,,,,,,,Ti II,3913.46,Ti II,3913.46,Ti II,3913.5,,,,3913.5956,,,,,,,,,
Ca II 3934,A,Ca II,3934,Ca II K,,,,Ca II,3933.68,Ca II,3933.67,Ca II,3933.7,Ca II,3933.66,,3933.2003,,,,,,,,,
Al I 3944,B,,,,,,,Al I,3944.01,Al I/Fe I/Cr II,3944-45,,,Al I/Fe II,3944-45,MS,3943.72,,,,,,,,,
H$\epsilon$/Ca II 3968,A,Hepsilon,3970.07,Hepsilon,,,,,,Hepsilon/Ca II,3968-70,Hepsilon/Ca II,3968-70,Hepsilon,3970.07,,3968.988,,,,,,,,,
Cr II 3980,C,,,,,,,,,Cr II/Ti II,3979-82,Cr II,3979.5,,,MSK,3980.92,,,,,,,,,
Fe II 4002,B,,,,,,,,,Fe II,4002,Fe II/Cr II,4002-03,Fe I/Fe II,4002-05,TP,4002.0859,,,,,,,,,
Ti II/Cr II 4012,B,,,,,,,,,Ti II/Fe II/Cr II,4012.5,Cr II,4012.5,Cr II/Ti II,4012,TP,4011.5681,,,,,,,,,
V II/Fe II 4023-24,B,,,,,,,V II/Fe II/Ti II,4023-25,Fe II,4024.55,Fe II,4024.6,Fe II/V II,4023-24,PK,4024.4639,,,,,,,,,
,,,,,,,,Mn I,4030.77,Fe II/V II,4033-36,,,Mn I,4031-36,PK,4032.1169,,,,,,,,,
Fe I 4046,B,,,,,,,Fe II/Fe I,4044-46,Fe I,4045.8,Fe I,4045.8,Fe I,4045.82,TP,4044.7571,,,,,,,,,
Fe II/Cr II 4049-52,C,,,,,,,Cr II,4051.97,Fe II/Cr II/Ti II,4049-54,Fe II/Cr II,4049-52,,,TP,4051.1992,,,,,,,,,
Ni II 4067,C,,,,,,,Fe I,4067.98,Ni II/Cr II,4067.05,,,Ni II,4067,TP,4067.4163,,,,,,,,,
Sr II 4078,B,,,,,,,Sr II,4077.71,Sr II,4077.7,Si II/Cr II/Sr II,4075-78,Sr II,4077.71,TP,4076.2495,,,,,,,,,
Cr II 4086-89,C,,,,,,,,,,,Cr II,4086-89,,,MWK,4086.42,,,,,,,,,
H$\delta$,A,Hdelta,4101.74,Hdelta,,,,,,Hdelta,4101.74,Hdelta,4101.8,Hdelta,4101.74,,4100.6106,,,,,,,,,
Fe II 4123,B,,,,,,,,,Fe II,4122.64,Fe II,4122.6,,,MK,4121.74,,,,,,,,,
Si II 4128-31,A,,,,,,,Si II,4128-31,Si II,4128-31,Si II,4128-31,Si II,4128-31,,4128.1528,,,,,,,,,
Fe I 4143-44,A,,,,,,,Fe I,4143-44,Fe I,4143.87,Fe I,4143.9,Fe I,4143-44,,4144.1758,,,,,,,,,
,,,,,,,,,,,,,,,,,4161.7218,,,,,,,,,
Ti II 4172,C,,,Fe II/Ti II,4172-79,,,Ti II,4171.9,Ti II/Fe II,4172-73,Cr II/Ti II,4171-72,,,TP,4171.7031,,,,,,,,,
Fe II 4179,C,,,Fe II/Ti II,4172-79,,,,,Fe II/Y II,4178-79,Fe II/Ti II,4173-74,,,TP,4176.6143,,,,,,,,,
Fe I 4199,C,,,,,,,Fe I,4199.1,,,,,Fe I,4198-99,KP,4198.7017,,,,,,,,,
,,,,,,,,,,,,,,,,KP,4203.6025,,,,,,,,,
Sr II 4216 ,C,,,,,,,Fe I/Sr II,4210-16,Sr II,4215.52,,,Sr II,4215.5,,4213.6843,,,,,,,,,
,,,,Ca I,4226,,,,,Cr II,4224.85,Fe I,4224.2,Ca I,4226.73,,4224.4531,,,,,,,,,
Fe II 4233,C,,,Fe II ,4233,,,Fe II,4233.17,Fe II,4233.17,Fe II,4233.2,Fe II,4233.17,,4232.016,,,,,,,,,
Fe II 4258,B,,,,,,,Fe II/Fe I,4258-60,Fe II,4258.15,Fe II,4258.2,Fe II/Cr II,4258-62,,4258.8086,,,,,,,,,
Fe I 4271,B,,,Fe I,4271,,,Fe I,4271.76,Fe II,4273.32,Fe I/Fe II,4272-73,Fe I,4271-72,,4272.4695,,,,,,,,,
,,,,,,,,Ti II,4288-90,,,Fe II,4286.3,Ti I,4288,M,4287.04,,,,,,,,,
,,,,,,,,,,Ti II/Fe II,4294-97,Fe I/Ti II,4294.1,,,M,4293.63,,,,,,,,,
Ti II 4300,A,,,,,,,Ti II,4300.05,Ti II,4300.05,Ti II,4300,,,,4300.3539,,,,,,,,,
Ti II/Sc II 4314,C,,,,,,,,,Ti II/Fe II/Fe I/Sc II,4313-15,Ti II,4312.9,Ti II/Sc II,4314,,4312.9836,,,,,,,,,
,,,,,,,,,,,,,,,,M,4324.24,,,,,,,,,
H$\gamma$,A,Hgamma,4340.47,Hgamma,,,,,,Hgamma,4340.46,Hdelta,4340.5,Hgamma,4340.47,,4339.2464,,,,,,,,,
Fe II 4352,C,,,,,,,,,Fe II,4351.8,,,,,,4350.4597,,,,,,,,,
Ti II/Fe II 4368-69,B,,,,,,,,,Ti II/Fe II,4368-69,Ti II/Fe II,4368-69,Ti II,4367.55,PK,4368.002,,,,,,,,,
Ti II 4375,C,,,,,,,,,,,Ti II,4374.8,Sc II/Ti II,4375,PK,4372.9028,,,,,,,,,
Fe I/Fe II 4383-85,B,,,Fe I,4383,,,Fe I/Fe II,4383-85,Fe I/Fe II/Mg II,4384-85,Fe I/Fe II,4384-85,Fe I/Fe II,4383-85,TP,4384.0557,,,,,,,,,
Ti II 4395,B,,,,,,,Mg II/Ti II,4390-95,Ti II,4395.02,Ti II,4395-96,Ti II,4395,TP,4393.7749,,,,,,,,,
Fe II 4417,B,,,,,,,Fe I/Fe II,4415-17,Fe II,4416.82,,,Fe II,4416.8,,4415.9079,,,,,,,,,
Mg II 4428,B,,,,,,,Mg II,4428,,,Mg II,4428,,,M,4428.32,,,,,,,,,
Ti II 4444,B,,,,,,,Ti II/Fe I,4442-43,Ti II,4443.8,Ti II,4443.8,Ti II,4444,,4442.6727,,,,,,,,,
Ti II 4450,B,,,,,,,Ti II,4450.49,Ti II,4450.49,,,Ti II/Fe II,4451,,4450.0034,,,,,,,,,
Ti II 4468,A,,,,,,,Ti II,4468.49,Ti II,4468.5,Ti II,4468.5,Ti II,4468.6,,4468.33,,,,,,,,,
Mg II 4481,A,,,Mg II ,4481,,,Mg II,4481.33,Mg II,4481.33,Mg II,4481.3,Mg II,4481,TP,4480.1133,,,,,,,,,
Ti II/Fe II 4489-91,B,,,,,,,Ti II/Fe II,4489-91,Ti II/Fe II,4488-89,Fe II,4489-91,Fe II,4489-91,TP,4489.1094,,,,,,,,,
Ti II 4501,B,,,,,,,Ti II,4501.27,Ti II,4501.27,Fe II/Ti II,4500-01,Ti II,4501.27,,4500.2906,,,,,,,,,
Fe II 4508,A,,,,,,,Fe II,4508.28,Fe II,4508.28,,,Fe II,4508,,4506.9281,,,,,,,,,
Fe II 4515,A,,,,,,,Fe II,4515.34,Fe II,4515.34,,,Fe II,4515.51,M,4514.98,,,,,,,,,
Fe II 4520,B,,,,,,,Fe II,4520-23,Fe II,4520-23,Fe II,4520.2,Fe II,4520.23,,4520.3931,,,,,,,,,
Fe II 4534,C,,,,,,,,,Ti II/Fe II/Mg II,4534,,,Fe II,4534,,4532.7199,,,,,,,,,
Fe II 4542,B,,,,,,,Fe II,4541.52,Fe II,4541.5,Cr II/Fe II,4540-42,Fe II,4542,,4540.0754,,,,,,,,,
Fe II/Ti II 4550,B,,,,,,,,,Fe II/Ti II,4549.5,Fe II,4549.5,Fe II/Ti II,4550,TP,4548.4839,,,,,,,,,
Cr II/Fe II 4555-56,B,,,,,,,Fe II,4555.89,Cr II/Fe II,4555-56,Cr II/Fe II,4555-56,Fe II,4556,TP,4555.3267,,,,,,,,,
Ti II 4564,B,,,,,,,Ti II,4563.77,Ti II,4563.8,,,,,M,4563.01,,,,,,,,,
Ti II 4572,A,,,,,,,Ti II,4571.97,Ti II,4571.98,Ti II,4572,Ti II,4571.97,M,4571.49,,,,,,,,,
Fe II 4583-84,A,,,,,,,Fe II,4583-84,Fe II,583-84,Fe II,4583-84,Fe II,4583.8,PK,4582.001,,,,,,,,,
Cr II 4588,A,,,,,,,Cr II,4588.22,Cr II,4588.2,Cr II,4588,Cr II,4588,PK,4586.3462,,,,,,,,,
Cr II 4617-19,A,,,,,,,Cr II,4617-19,Cr II,4617-19,Cr II,4617-19,Cr II,4617-19,,4617.9147,,,,,,,,,
Fe II 4629,A,,,,,,,Fe II,4629-34,Fe II,4629.34,Fe II,4629.3,Fe II,4629.3,PK,4628.2676,,,,,,,,,
Cr II/Fe II 4634-35,B,,,,,,,,,Cr II/Fe II,4634-35,Cr II/Fe II,4634-35,,,PK,4632.9263,,,,,,,,,
Fe II 4657,C,,,,,,,,,Fe II/Ti II,4657.04,Fe II,4657,,,KP,4655.7847,,,,,,,,,
Fe II 4664-67,C,,,,,,,Fe II,4666.75,Fe II,4664-67,Fe II,4667-70,Fe II/Cr I,4667,KP,4665.2559,,,,,,,,,
Fe II 4731,C,,,,,,,,,Fe II,4731.44,,,,,,4729.3316,,,,,,,,,
,,,,,,,,,,,,,,,,,4761.7506,,,,,,,,,
,,,,,,,,,,,,,,,,,4778.4137,,,,,,,,,
Cr II 4824,A,,,,,Cr II,4824.14,,,Cr II,4824.13,,,Cr II,4824.13,,4823.0195,,,,,,,,,
,,,,,,,,,,,,,,,,,4834.8654,,,,,,,,,
Cr II 4848,B,,,,,Cr II,4848.25,,,Cr II,4848.24,,,,,,4847.5157,,,,,,,,,
H$\beta$,A,Hbeta,4861.33,,,Hbeta,4861.33,,,Hbeta,4861.33,,,Hbeta,4861.33,,4860.0351,,,,,,,,,
Cr II 4876,C,,,,,,,,,Cr II,4876.4,,,,,,4874.3995,,,,,,,,,
,,,,,,,,,,,,,,,,,4882.8261,,,,,,,,,
Ti II 4911,C,,,,,Ti II,4911.19,,,,,,,,,,4910.4234,,,,,,,,,
Fe II 4924,B,,,,,,,,,Fe II,4923.92,,,Fe II,4923.92,,4922.3054,,,,,,,,,
,,,,,,,,,,,,,,,,,4990.5193,,,,,,,,,
Fe I/Fe II 5002,B,,,,,Fe I,5001.86,,,Fe II,5001.89,,,Fe I/Fe II,5002,,5001.8696,,,,,,,,,
Fe II 5018,B,,,,,,,,,Fe II,5018.43,,,Fe II,5018.44,,5017.0104,,,,,,,,,
Ni I 5036,C,,,,,Ni I,5035.98,,,,,,,,,KP,5034.1992,,,,,,,,,
Si II 5041,B,,,,,Si II/Fe I,5041,,,Si II,5041.13,,,Si II,5041.02,KP,5039.6411,,,,,,,,,
Si II 5056,A,,,,,SI II,5056,,,Si II,5056.17,,,Si II,5056,,5054.7299,,,,,,,,,
Ti II 5069,C,,,,,Ti II,5069.12,,,,,,,,,,5070.539,,,,,,,,,
,,,,,,Fe I/Ni I,5097,,,,,,,Fe II,5101,,5098.967,,,,,,,,,
,,,,,,Ti II/Ni I,5129,,,Fe II,5127.87,,,,,,5127.3542,,,,,,,,,
Fe II 5146,C,,,,,,,,,Fe II,5146,,,,,TSP,5146.0435,,,,,,,,,
,,,,,,Cr II,5153.59,,,Fe II,5151,,,,,TSP,5152.4956,,,,,,,,,
Fe II/Mg I 5167-73,B,Mg I,5167-73,,,Fe II/Mg I,5167-73,,,Fe II,5169,,,Mg I,5167-72,,5167.6314,,,,,,,,,
Mg I 5184,B,Mg I,5184,,,Mg I,5183.67,,,Mg I/Ti II,5183-86,,,Mg I,5183.9,TP,5184.6548,,,,,,,,,
Fe II 5198,B,,,,,Fe I/Fe II,5195-97,,,Fe II,5197.57,,,Fe II,5197.6,TP,5196.2227,,,,,,,,,
,,,,,,,,,,,,,,,,,5213.8044,,,,,,,,,
Fe I/Ti II 5225,B,,,,,Fe I/Ti II,5227,,,Ti II,5226.6,,,Ti II/Fe I,5227,TP,5225.4463,,,,,,,,,
Fe II 5235,B,,,,,Fe I/Fe II,5232-34,,,Fe II,5234.7,,,Fe II,5234.6,TP,5233.8501,,,,,,,,,
Fe II 5265,C,,,,,Fe II,5264.81,,,,,,,,,M,5262.84,,,,,,,,,
Fe II 5276,B,,,,,Fe I/Fe II,5273-76,,,Fe II,5276,,,Fe II,5276,PK,5274.4771,,,,,,,,,
,,,,,,Fe I,5281.79,,,Cr II,5280,,,,,PK,5281.873,,,,,,,,,
Fe II 5317,C,,,,,Cr II/Fe II,5313-17,,,Fe II,5317,,,Fe II,5317,,5314.8524,,,,,,,,,
Cr II 5335,C,,,,,Cr II,5335-38,,,Cr II,5334.88,,,,,,5335.9966,,,,,,,,,
Fe II 5363,C,,,,,,,,,Fe II,5362.86,,,,,,5361.6793,,,,,,,,,
,,,,,,,,,,,,,,,,,5505.2773,,,,,,,,,
,,,,,,,,,,,,,,,,KP,5526.3096,,,,,,,,,
Fe II 5535,C,,,,,,,,,Fe II,5534.86,,,,,KP,5533.2275,,,,,,,,,
Y II 5545,C,,,,,Y II,5544.62,,,,,,,,,,5543.3572,,,,,,,,,
Fe I 5781,C,,,,,Fe I,5780.61,,,,,,,,,,5779.4217,,,,,,,,,
,,,,,,,,,,,,,,,,,5795.7834,,,,,,,,,
He I 5876,B,,,,,He I,5876,,,He I,5876,,,,,M,5875.07,,,,,,,,,
Na I 5890,B,Na I,5890,,,Na I,5889,,,,,,,Na I,5889,TP,5888.8931,,,,,,,,,
na I 5896,B,Na I,5896,,,Na I,5896,,,,,,,Na I,5896,TP,5895.2197,,,,,,,,,
Telluric $H_2O$/ Si II 5958,C,,,,,Si II,5957.61,,,Telluric/Si II,5957.61,,,,,,5957.3104,,,,,,,,,
,,,,,,,,,,,,,,,,,5967.469,,,,,,,,,
Si II 5979,B,,,,,Si II,5978.97,,,Si II,5978.97,,,,,,5977.1798,,,,,,,,,
"Telluric $H_2O$ Fe II 5991",C,,,,,,,,,Telluric/Fe II,5991.38,,,,,,5990.1115,,,,,,,,,
Fe II 6148,B,,,,,Fe II,6147.85,,,Fe II,6147.73,,,,,,6147.8465,,,,,,,,,
,,,,,,Cr II,6158.84,,,O I,6155.99,,,,,,6156.3578,,,,,,,,,
Fe II 6175,C,,,,,,,,,Fe II,6175.16,,,,,AW,6174.4214,,,,,,,,,
Cr II 6179,C,,,,,Cr II,6179.21,,,,,,,,,AW,6177.8853,,,,,,,,,
Fe II 6238,B,,,,,Fe II,6238.39,,,Fe II,6238.37,,,,,TP,6238.2676,,,,,,,,,
Fe II 6248,B,,,,,Fe II,6247.56,,,Fe II,6247.56,,,,,TP,6246.7246,,,,,,,,,
Telluric $O_2$,A,,,,,,,,,,,,,,,telluric?,6281.1379,,,,,,,,,
Fe II 6317,C,,,,,,,,,Fe II,6317.4,,,,,,6317.0813,,,,,,,,,
Fe II 6332,C,,,,,,,,,Fe II,6331.97,,,,,,6330.7076,,,,,,,,,
Si II 6347,B,,,,,Si II,6347.09,,,Si II,6347.1,,,,,,6346.5842,,,,,,,,,
Si II 6371,B,,,,,Si II,6371.36,,,Si II,6371.36,,,,,,6370.8298,,,,,,,,,
Fe II 6417,B,,,,,Fe II,6416.92,,,Fe II,6416.9,,,,,,6415.7379,,,,,,,,,
Fe II 6433,B,,,,,Fe II,6432.69,,,Fe II,6432.65,,,,,,6432.4868,,,,,,,,,
Fe II/O I 6456,B,,,,,Fe II/O I,6456,,,Fe II/O I,6456,,,,,,6456.0043,,,,,,,,,
,,,,,,,,,,,,,,,,telluric?,6475.99,,,,,,,,,
,,,,,,,,,,Fe II,6482.2,,,,,telluric?,6482.12,,,,,,,,,
,,,,,,,,,,,,,,,,telluric?,6492.48,,,,,,,,,
,,,,,,,,,,Fe II,6516.05,,,,,telluric?,6516.4861,,,,,,,,,
,,,,,,,,,,,,,,,,telluric?,6533.6908,,,,,,,,,
,,,,,,,,,,Mg II,6545.8,,,,,telluric?,6544.75,,,,,,,,,
H$\alpha$,A,Halfa,6562.82,,,Halfa,6562.82,,,Halfa,6562.82,,,Halfa,6562.82,,6561.865,,,,,,,,,
,,,,,,,,,,,,,,,,,6613.6648,,,,,,,,,
,,,,,,,,,,,,,,,,,6678.2774,,,,,,,,,