Fe I 3923,C,,,,,,,,,Fe I,3923,MK,3922,,,,,,,,Walker Spectral Atlas for Amateur Astronomers
Ca II 3934,A,Ca II,3934,Ca II,3934,,,,,Ca II,3933.66,,3932.1695,,,,,,,,Gray Digital Spectral Classification Atlas
Al I 3944,C,,,,,,,,,Al I,3944,MK,3942,,,,,,,,Gratton Studies of the spectra of K giants
Ca II 3968,A,Ca II,3968,Ca II,3968,,,,,Ca II,3968.47,,3966.3879,,,,,,,,Wright Line inensities in the spectra of k-type stars
,,,,,,,,,,,,MK,3988,,,,,,,,
Fe I/Ti I 3990-98,C,,,,,,,,,Fe I/Ti I,3990-98,M,3996.5,,,,,,,,
Fe I 4005,B,,,,,,,Fe I,4005,Fe I/Ti I,4005,,4005.5824,,,,,,,,
Ti I/Fe I/V I 4022,C,,,,,,,Ti I/Fe I/V I,4022,,,,4022.8941,,,,,,,,
Mn I 4033-5,B,,,,,,,Mn I,4033-35,Mn I,4030-36,,4032.113,,,,,,,,
Fe I 4046,B,,,,,,,Fe I,4046,Fe I,4046,,4045.0836,,,,,,,,
Fe I/Sc I/Co I 4055-60,C,,,,,,,,,Fe I/Sc I/Co I,4055-60,MK,4057.5,,,,,,,,
Fe I 4064,B,,,,,,,Fe I,4064,Fe I,4063.6,,4063.3604,,,,,,,,
Fe I/Sr II 4075-78,C,,,,,,,Fe I,4075,Fe I/Sr II,4075-78,,4076.583,,,,,,,,
H$\delta$,A,Hdelta,4101,,,,,Fe I/Si I/Hdelta,4100-03,Hdelta,4101,,4100.2623,,,,,,,,
V I 4112,B,,,,,,,V I,4110-12,V I,4112,,4112.2856,,,,,,,,
Co I 4119,B,,,,,,,Co I,4119,V I/Co I,4119,,4118.7627,,,,,,,,
Fe I 4132-34,B,,,,,,,Fe I,4132-34,Fe I/V I,4132-34,,4132.2551,,,,,,,,
Fe I 4144,C,,,,,,,Fe I,4144,,,,4143.5497,,,,,,,,
,,,,,,,,,,,,,4152,,,,,,,,
,,,,,,,,,,Fe I/Ga I,4171-78,KP,4169.6553,,,,,,,,
,,,,,,,,,,Fe I/Ga I,4171-78,KP,4174.231,,,,,,,,
,,,,,,,,,,,,,4189.3712,,,,,,,,
Fe I 4198-4202,B,,,,,,,Fe I,4198-4202,Fe I/Nd II,4198-02,,4200.3676,,,,,,,,
Sr II 4216,B,,,,,,,Sr II,4215.5,Sr II/Fe I,4216,,4214.8096,,,,,,,,
Ca I 4226,A,,,Ca I,4226,,,Ca I,4226.73,Ca I,4226.73,,4226.6395,,,,,,,,
Fe I 4236,B,,,,,,,Fe I,4236,Fe I/Co I,4234-36,MSK,4236,,,,,,,,
Cr I 4254,B,,,,,,,Fe I/Cr I,4251-54,Cr I,4254,,4253.2007,,,,,,,,
Fe I 4260,B,,,,,,,Fe I,4260,Fe I,4260.5,,4260.2305,,,,,,,,
Fe I/Cr I 4272-75,B,,,,,,,Fe I/Cr I,4272-75,Fe I/Cr I,4272-75,,4273.0342,,,,,,,,
Cr I 4290,C,,,,,,,Cr I,4289.7,,,,4289.8214,,,,,,,,
,,,,,,,,,,Fe I/Ti I,4301-15,TP,4301.394,,,,,,,,
,,,,,,,,Fe I,4307.9,Fe I/Ti I,4301-15,TP,4307.4277,,,,,,,,
Fe I 4326,B,,,,,,,Fe I,4325.7,Fe I/Ti I,4326,,4325.2197,,,,,,,,
H$\gamma$,A,Hgamma,4340,,,,,Cr I/Hgamma,4340,Hgamma,4340.47,,4340.1702,,,,,,,,
Cr I/V I 4352-53,C,,,,,,,,,Cr I/V I,4352-53,,4352.7204,,,,,,,,
Cr I 4360,B,,,,,,,Cr I,4360,Cr I/V I,4359.6,M,4360.5,,,,,,,,
,,,,,,,,,,Fe I,4376,,4374.8488,,,,,,,,
Fe I 4384,A,,,Fe I,4383,,,Fe I,4383.5,Fe I/Cr I,4384,,4384.2026,,,,,,,,
,,,,,,,,,,,,MK,4392.5,,,,,,,,
Fe I 4405,B,,,,,,,Fe I,4405,Fe I/V I,4405,,4406.0122,,,,,,,,
Fe I 4415,B,,,,,,,Fe I,4415,Fe I/V I,4415,,4415.5098,,,,,,,,
Fe I/Ca I 4435,C,,,,,,,,,Fe I/Ca I,4435,,4434.5479,,,,,,,,
Fe I 4442,C,,,,,,,Fe I/Cr I,4442,Fe I/Ti II,4442-48,,4442.8254,,,,,,,,
Fe I/Ca I/Ti I 4455-59,B,,,,,,,Fe I/Ca I/Ti I,4455-59,Ca I/Fe I/Ti I,4455-59,wide,4459.3637,,,,,,,,
Ti II/Fe I 4469,C,,,,,,,,,Ti II/Fe I,4469,MWK,4468.5,,,,,,,,
Fe I 4482,B,,,,,,,Fe I,4482,Fe I,4482,,4481.3696,,,,,,,,
Fe I 4490,C,,,,,,,,,Fe I,4490,KP,4491.2783,,,,,,,,
Fe I 4495,C,,,,,,,Fe I,4495,Fe I/Cr I/Ti I,4494-97,KP,4496.1074,,,,,,,,
Fe I/Cr I/Ti I 4512-18,C,,,,,,,,,Ti I/Fe I/Cr I,4512-18,,4516.0975,,,,,,,,
Fe I 4529,C,,,,,,,Fe I,4529,Ti I/Fe I/Cr I,4526-40,PK,4528.728,,,,,,,,
Ti I 4536,C,,,,,,,Ti I,4536,Ti I/Fe I/Cr I,4526-40,PK,4534.166,,,,,,,,
,,,,Ba II,4554,,,,,Ti I,4552-54,,4553.5395,,,,,,,,
,,,,,,,,Cr I,4565.5,Cr I,4565,,4563.9556,,,,,,,,
Ti II/Mg I 4572,C,,,,,,,,,Ti II/Mg I,4572,,4572.4065,,,,,,,,
Ca I 4580,B,,,,,,,Ca I/Fe I,4581.5,V I/Ca I,4580,,4581.5502,,,,,,,,
V I/Ca I 4594,C,,,,,,,,,V I/Ca I,4594,PK,4594.77,,,,,,,,
Fe i 4601,B,,,,,,,Fe I,4601,Fe I/Cr I,4600-02,PK,4601.562,,,,,,,,
,,,,,,,,,,,,M,4613.5,,,,,,,,
,,,,,,,,,,,,MWK,4629,,,,,,,,
Cr I 4638,C,,,,,,,Cr I,4637.9,Cr I/V I/Ni I,4638,TP,4639.4839,,,,,,,,
Cr I 4646,C,,,,,,,Cr I/Fe I,4646-47,Cr I/V I/Ni I,4646-49,TP,4646.9927,,,,,,,,
,,,,,,Ti I/Cr I ,4656,Fe I,4655,Ti I,4656,MWK,4655.5,,,,,,,,
Ti I 4668,B,,,,,Ti I/Fe I,4668,Ti I,4667.5,Fe I/Ti I,4668,,4668.5566,,,,,,,,
Ti I 4682,B,,,,,Ti I/Y II,4682,,,Ti I,4682,PK,4682.0005,,,,,,,,
,,,,,,,,,,,,PK,4687.8687,,,,,,,,
Cr I 4699,B,,,,,Ti I/Cr I,4699,Cr I,4699,,,M,4700,,,,,,,,
,,,,,,,,,,,,,4708.4383,,,,,,,,
Ni I/Ti I 4715,B,,,,,Ti I,4715,,,Ni I/Ti I,4715,MK,4715,,,,,,,,
,,,,,,,,,,,,TP,4730.2466,,,,,,,,
,,,,,,,,,,,,TP,4741.4814,,,,,,,,
Mn I 4767,C,,,,,V I/Mn I/Cr I,4767,,,Fe I/Mn I,4767-68,wide,4766.4624,,,,,,,,
MgH 4780,C,,,,,,,,,MgH,4780,wide,4784.5573,,,,,,,,
V I/Ti I 4800,C,,,,,V I/Ti I,4800,,,,,,4799.3298,,,,,,,,
V I/Fe I 4808,C,,,,,V I/Fe I,4808,,,,,,4808.653,,,,,,,,
V I 4827,C,,,,,V I,4827,,,,,KP,4825.6357,,,,,,,,
V I 4832,C,,,,,V I,4832,,,,,KP,4831.4727,,,,,,,,
T I 4841,C,,,,,T I,4841,,,,,,4841.1924,,,,,,,,
H$\beta$,A,Hbeta,4861,,,Hbeta,4861,Hbeta,4861,Hbeta,4861.33,,4861.8954,,,,,,,,
Fe I 4872,C,,,,,Fe I,4872,,,,,M,4872,,,,,,,,
Ti I/Cr I/Fe I 4886,C,,,,,Ti I/Cr I/Fe I,4886,,,,,wide,4886.8295,,,,,,,,
,,,,,,,,,,,,,4902.5005,,,,,,,,
,,,,,,,,,,,,,4910.4815,,,,,,,,
Fe I 4921,A,,,,,Fe I,4920.5,Fe I,4920,Fe I,4920.5,,4920.8556,,,,,,,,
Fe I 4939,C,,,,,Fe I,4939,,,,,,4938.163,,,,,,,,
Fe I 4958,B,,,,,Fe I ,4958,Fe I,4958,,,TP,4958.8438,,,,,,,,
,,,,,,,,,,,,TP,4966.2627,,,,,,,,
Ti I 4982,C,,,,,Ti I,4982,,,,,,4982.7122,,,,,,,,
Fe I/Ti I/Co I 5006-07,C,,,,,Fe I/Ti I/Co I,5006-07,,,,,MWK,5006,,,,,,,,
Ti I/Fe I 5012-16,C,,,,,Ti I/Fe I,5012-16,,,,,,5014.1507,,,,,,,,
Ti I/Fe I 5020-25,C,,,,,Ti I/Fe I,5020-25,,,,,MWK,5022.5,,,,,,,,
Ti I 5040,C,,,,,Ti I,5040,,,,,,5039.7731,,,,,,,,
,,,,,,,,,,,,,5051.0626,,,,,,,,
,,,,,,,,,,,,TP,5067.7344,,,,,,,,
Fe I 5080-83,C,,,,,,,,,Fe I,5080-83,TP,5081.3867,,,,,,,,
,,,,,,,,,,,,TSP,5100.3877,,,,,,,,
Fe I 5110,C,,,,,Fe I,5110,,,,,TSP,5109.1909,,,,,,,,
Fe I 5126-28,C,,,,,,,,,Fe I,5126-28,,5126.2908,,,,,,,,
,,,,,,,,,,,,AW,5146.4829,,,,,,,,
,,,,,,,,,,,,AW,5152.5991,,,,,,,,
Mg I 5167-72,A,,,,,Mg I ,5167-72,Mg I,5167-72,Mg I,5167-72,TP,5171.1372,,,,,,,,
Mg I 5184,A,,,,,Mg I ,5184,Mg I,5184,Mg I,5184,TP,5182.0459,,,,,,,,
Fe I/Ti I 5192,B,,,,,Fe I/Ti I,5192,,,Fe I/Ti I,5192,,5192.9656,,,,,,,,
Cr I/Fe I 5205-10,C,,,,,,,,,Cr I/Fe I,5205-10,,5207.0219,,,,,,,,
,,,,,,,,,,,,,5225.5313,,,,,,,,
Fe I/Ca I 5247-51,C,,,,,,,,,Fe I/Ca I,5247-51,,5249.8991,,,,,,,,
Fe I 5267-70,C,,,,,Fe I/Co I,5267-70,,,Fe I/Ca I,5270,,5267.4195,,,,,,,,
Fe I 5282-84,C,,,,,,,,,Fe I,5282-84,M,5282.5,,,,,,,,
Cr I 5297-98,C,,,,,,,,,Cr I,5297-98,,5298.0772,,,,,,,,
Fe I 5328,B,,,,,Fe I,5328,,,Fe I,5328,,5328.2312,,,,,,,,
Fe I/Mn I 5341,B,,,,,Fe I/Mn I/Sc I,5341,,,Fe I/Mn I,5340-41,AW,5341.0205,,,,,,,,
Cr I 5346-48,C,,,,,,,,,Cr I,5346-48,AW,5345.939,,,,,,,,
Fe I 5371,B,,,,,Fe I,5371,,,Fe I,5371.5,,5370.1853,,,,,,,,
Fe I 5397,C,,,,,Fe I,5397,,,Fe I/Cr I,5394-5410,TP,5395.106,,,,,,,,
Fe I 5406,C,,,,,Fe I ,5406,,,Fe I/Cr I,5394-5410,TP,5407.0708,,,,,,,,
Fe I 5430-35,C,,,,,Fe I,5430-35,,,Fe I/Cr I,5430,,5433.1292,,,,,,,,
TiO 548-51,C,,,,,,,,,TiO,5448-51,AW,5451.4546,,,,,,,,
Fe I 5456,B,,,,,Fe I,5456,,,Fe I,5455.6,AW,5456.5527,,,,,,,,
,,,,,,,,,,,,,5475.1739,,,,,,,,
Ti I 5514,C,,,,,,,,,Ti I,5514,,5513.2331,,,,,,,,
Mg I 5528,C,,,,,,,,,Mg I,5528.4,AW,5528.6401,,,,,,,,
,,,,,,,,,,,,AW,5534.4453,,,,,,,,
Fe I/V I 5544-47,C,,,,,,,,,Fe I/V I,5544-47,,5545.5,,,,,,,,
,,,,,,,,,,,,,5565.3685,,,,,,,,
Fe I/Ca I/Ni I 5587-89,C,,,,,,,,,Fe I/Ca I/Ni I,5587-89,TP,5589.2651,,,,,,,,
,,,,,,,,,,,,TP,5600.5571,,,,,,,,
Fe I 5616,B,,,,,Fe I,5616,,,Fe I,5616,TSP,5617.4814,,,,,,,,
,,,,,,,,,,Fe I/V I,5624-28,TSP,5624.8818,,,,,,,,
,,,,,,,,,,,,,5640.9705,,,,,,,,
Fe I 5659,B,,,,,Fe I,5659,,,Fe I/Sc II,5658-59,AW,5660.3262,,,,,,,,
,,,,,,,,,,,,AW,5668.2373,,,,,,,,
,,,,,,,,,,,,,5685.213,,,,,,,,
V I/Sc I/Cu I 5698-5700,C,,,,,,,,,V I/Sc I/Cu I,5698-5700,TSP,5701.3667,,,,,,,,
Ni I/Fe I 5710,C,,,,,,,,,Ni I/Fe I,5710,TSP,5709.4082,,,,,,,,
V I/Sc I/Cu I 5727,C,,,,,,,,,V I/Sc I/Cu I,5727,,5728.565,,,,,,,,
,,,,,,,,,,,,MWK,5739.5,,,,,,,,
,,,,,,,,,,,,M,5752.5,,,,,,,,
Fe I 5763,C,,,,,,,,,Fe I,5763,,5762.1594,,,,,,,,
Cu I/Cr I 5782-86,C,,,,,,,,,Cu I/Cr I,5782-86,,5783.649,,,,,,,,
,,,,,,,,,,,,MK,5806.5,,,,,,,,
Ti O 5814,C,,,,,,,,,TiO,5814,,5815.8295,,,,,,,,
,,,,,,,,,,,,MK,5823.5,,,,,,,,
,,,,,,,,,,,,,5837.259,,,,,,,,
,,,,,,,,,,,,,5856.2134,,,,,,,,
,,,,,,,,,,,,MSK,5880.5,,,,,,,,
Na I 5889,A,Na I ,5889,,,Na I,5889,,,Na I,5889,AW,5889.791,,,,,,,,
Na I 5896,A,Na I ,5896,,,Na I,5896,,,Na I,5896,AW,5895.7676,,,,,,,,
,,,,,,,,,,,,,5917.3953,,,,,,,,
,,,,,,,,,,,,,5942.863,,,,,,,,
,,,,,,,,,,,,M,5957,,,,,,,,
TiO 5968,C,,,,,,,,,TiO,5968,,5966.4504,,,,,,,,
,,,,,,,,,,,,,5978.3232,,,,,,,,
,,,,,,,,,,,,,5984.0117,,,,,,,,
,,,,,,,,,,,,TP,6005.3228,,,,,,,,
,,,,,,,,,,,,TP,6016.9429,,,,,,,,
,,,,,,,,,,,,M,6039,,,,,,,,
,,,,,,,,,,,,TSP,6058.4531,,,,,,,,
,,,,,,,,,,,,TSP,6064.5693,,,,,,,,
,,,,,,,,,,,,TP,6082.4165,,,,,,,,
,,,,,,,,,,,,TP,6090.5718,,,,,,,,
Ca 6103,C,,,,,,,,,Ca I,6103,,6103.7153,,,,,,,,
Ca I 6122,C,,,,,,,,,Ca I,6122,AW,6121.1191,,,,,,,,
,,,,,,,,,,,,AW,6124.7705,,,,,,,,
Fe I 6137,C,,,,,,,,,Fe I,6137,,6136.8703,,,,,,,,
,,,,,,,,,,,,M,6151.5,,,,,,,,
TiO 6159/Ca I 6162,C,,,,,,,,,Ca I,6162,PK,6162.8369,,,,,,,,
Ca I 6169,C,,,,,,,,,Ca I,6169,PK,6169.1177,,,,,,,,
,,,,,,,,,,,,PK,6190.6475,,,,,,,,
,,,,,,,,,,,,PK,6198.6387,,,,,,,,
,,,,,,,,,,,,M,6217,,,,,,,,
,,,,,,,,,,,,M,6224,,,,,,,,
,,,,,,,,,,,,M,6231,,,,,,,,
V I/Fe I 6240-43,C,,,,,,,,,V I/Fe I,6240-43,,6241.5233,,,,,,,,
Ti I 6258-61,C,,,,,,,,,Ti I,6258-61,,6257.1143,,,,,,,,
TiO 6268,C,,,,,,,,,TiO,6268,M,6267.5,,,,,,,,
,,,,,,,,,,,,,6278.2734,,,,,,,,
,,,,,,,,,,,,,6296.3148,,,,,,,,
,,,,,,,,,,,,,6315.7285,,,,,,,,
,,,,,,,,,,,,,6336.3498,,,,,,,,
,,,,,,,,,,,,,6344.5861,,,,,,,,
TiO 6358,C,,,,,,,,,TiO,6358,,6360.2285,,,,,,,,
,,,,,,,,,,,,,6379.8607,,,,,,,,
CaH 6390,C,,,,,,,,,CaH,6390,,6392.9861,,,,,,,,
,,,,,,,,,,,,MWK,6400.5,,,,,,,,
,,,,,,,,,,,,TP,6413.479,,,,,,,,
,,,,,,,,,,,,TP,6420.2822,,,,,,,,
,,,,,,,,,,,,,6431.3076,,,,,,,,
Co I 6450,C,,,,,,,,,Co I,6450,,6450.7746,,,,,,,,
,,,,,,,,,,,,,6463.9557,,,,,,,,
,,,,,,,,,,,,M,6475.5,,,,,,,,
,,,,,,,,,,,,,6483.1652,,,,,,,,
Ba I/Fe I/Ca I 6497,C,,,,,,,,,Ba I/Fe I/Ca I,6497,,6495.8408,,,,,,,,
,,,,,,,,,,,,,6516.656,,,,,,,,
,,,,,,,,,,,,,6532.2389,,,,,,,,
,,,,,,,,,,,,M,6546.5,,,,,,,,
,,,,,,,,,,,,,6555.0951,,,,,,,,
H$\alpha$,A,Halfa,6563,,,,,,,Halfa,6562.82,,6562.9549,,,,,,,,
TiO 6569,C,,,,,,,,,TiO,6569,,6573.5215,,,,,,,,
,,,,,,,,,,,,MK,6582.5,,,,,,,,
,,,,,,,,,,,,,6594.8059,,,,,,,,
,,,,,,,,,,,,,6608.0805,,,,,,,,
,,,,,,,,,,,,TP,6626.2285,,,,,,,,
,,,,,,,,,,,,TP,6632.5752,,,,,,,,
,,,,,,,,,,,,MK,6644.5,,,,,,,,
TiO 6651,C,,,,,,,,,TiO,6651,TP,6653.626,,,,,,,,
,,,,,,,,,,,,TP,6663.9189,,,,,,,,
TiO 6681,C,,,,,,,,,TiO,6681,,6680.4439,,,,,,,,
,,,,,,,,,,,,,6695.9436,,,,,,,,
TiO 6715,C,,,,,,,,,TiO,6715,PK,6717.3477,,,,,,,,
,,,,,,,,,,,,PK,6723.1353,,,,,,,,
,,,,,,,,,,,,KP,6744.9707,,,,,,,,
CaH 6750,C,,,,,,,,,CaH,6750,KP,6751.3354,,,,,,,,
,,,,,,,,,,,,,6767.1383,,,,,,,,
TiO 6782,C,,,,,,,,,TiO,6782,PK,6785.001,,,,,,,,
,,,,,,,,,,,,PK,6791.4585,,,,,,,,