,,,,,,,,,,,,,3858.9336,,,,,,,,
,,,,,,,,,,,,,3875.5104,,,,,,,,
,,,,,,,,,,,,,3886.728,,,,,,,,
,,,,,,,,,,,,M,3897.74,,,,,,,,
,,,,,,,,,,,,M,3905.81,,,,,,,,
Fe I 3923,C,,,,,,,,,Fe I,3923,MK,3922.41,,,,,,,,
Ca II 3934,A,Ca II,3934,Ca II K,,,,,,Ca II,3933.66,,3933.2364,,,,,,,,
Ca II 3968,A,Ca II,3968,Ca II K,,,,,,Ca II,3968.47,,3966.7172,,,,,,,,
Ti I 3990,C,,,,,,,,,Ti I,3990,M,3990.25,,,,,,,,
Fe I/Ti I 3998,C,,,,,,,,,Fe I/Ti I,3998,,3998.31,,,,,,,,
Ti I 4008,C,,,,,,,Ti I,4008.05,,,,4007.4289,,,,,,,,
,,,,,,,,,,,,,4023.2586,,,,,,,,
Mn I 4030-36,B,,,,,,,Mn I,4031-36,Mn I,4030-36,,4032.8479,,,,,,,,
Fe I 4046,B,,,,,,,Fe I,4045.8,Fe I,4045.8,,4045.7651,,,,,,,,
,,,,,,,,,,,,KP,4059.3613,,,,,,,,
Fe I 4064,B,,,,,,,Fe I,4063.6,Fe I,4063.6,KP,4064.2217,,,,,,,,
,,,,,,,,,,,,,4077.1622,,,,,,,,
H$\delta$,A,H-delta,4101.74,,,,,H-delta/Fe I/Si I,4100-03,H-delta,4101.74,,4101.0255,,,,,,,,
V I 4112,B,,,,,,,V I,4112,V I,4112,TP,4112.6494,,,,,,,,
V I/Co I 4119,B,,,,,,,V I/Co I/Cr I,4119,V I/Co I,4119,TP,4119.4644,,,,,,,,
Fe I/V I 4132-34,B,,,,,,,Fe I/V I,4132-34,Fe I/V I,4132-34,,4132.7389,,,,,,,,
Fe I 4144,C,,,,,,,Fe I,4143.9,,,,4143.9616,,,,,,,,
,,,,,,,,,,,,M,4151.54,,,,,,,,
Fe I 4171-75,B,,,,,,,Fe I,4171-75,Fe I/Ga I,4171-78,,4173.879,,,,,,,,
Fe I/Co I 4191,C,,,,,,,Fe I/Co I,4191,,,,4190.0195,,,,,,,,
Fe I 4202,C,,,,,,,Fe I,4202,Fe I/Nd II,4198-02,,4201.3644,,,,,,,,
Sr II/Fe I 4216,C,,,,,,,,,Sr II/Fe I,4216,,4217,,,,,,,,
Ca I 4226,A,,,Ca I,4226,,,Ca I,4226.73,Ca I,4226.73,,4227.3033,,,,,,,,
Cr I 4254,B,,,,,,,Cr I,4254,Cr I,4254,,4254.4721,,,,,,,,
Fe I 4260,B,,,,,,,Fe I,4260.48,Fe I/Nd II,4260.5,M,4260.65,,,,,,,,
Fe I/Cr I 4272-75,B,,,,,,,Fe I/Cr I,4272-75,Fe I/Cr I,4272-75,,4273.9054,,,,,,,,
Cr I 4290,C,,,,,,,Cr I,4289.7,,,,4290.4172,,,,,,,,
,,,,,,,,,,Fe I/Ti I,4301-15,TP,4301.8257,,,,,,,,
Fe I 4308,C,,,,,,,Fe I,4307.9,Fe I/Ti I,4301-15,TP,4307.9517,,,,,,,,
Fe I 4326,B,,,,,,,Fe I,4325.76,Fe I/Ti I,4326,,4325.9431,,,,,,,,
H$\gamma$,A,H-gamma,4340.47,,,,,,,H-gamma,4340.47,,4340.7456,,,,,,,,
V I 4353,B,,,,,,,Fe I/V I,4352.8,Cr I/V I,4352-53,,4353.4361,,,,,,,,
,,,,,,,,,,,,M,4361.21,,,,,,,,
Fe I/Ti I 4370,C,,,,,,,Fe I/Ti I,4369.8,,,MK,4370.23,,,,,,,,
Fe I 4376,B,,,,,,,Fe I,4375.9,Fe I,4376,,4375.432,,,,,,,,
Fe I 4384,A,,,Fe I,4383,,,Fe I,4383.55,Fe I/Cr I,4384,,4384.8529,,,,,,,,
V I/Cr I 4390-92,C,,,,,,,V I/Cr I,4390-92,,,M,4390.63,,,,,,,,
Fe I 4405,B,,,,,,,Fe I,4404.75,Fe I/V I,4405,,4406.7456,,,,,,,,
Fe I 4415,C,,,,,,,Fe I,4415.12,Fe I/V I,4415,,4416.537,,,,,,,,
,,,,,,,,,,,,M,4424.31,,,,,,,,
,,,,,,,,,,,,M,4429.05,,,,,,,,
Fe I/Ca I 4435,C,,,,,,,,,Fe I/Ca I,4435,,4435.9486,,,,,,,,
Fe I 4442,C,,,,,,,Fe I,4442.3,,,,4443.7239,,,,,,,,
Ca I/Fe I/Ti I 4455-59,C,,,,,,,,,Ca I/Fe I/Ti I,4455-59,PK,4461.1851,,,,,,,,
,,,,,,,,,,,,PK,4470.4575,,,,,,,,
Fe I 4482,B,,,,,,,Fe I,4482.2,Fe I,4482,,4482.335,,,,,,,,
Fe I 4490,C,,,,,,,,,Fe I,4490,KP,4491.207,,,,,,,,
Fe I/Cr I/Ti I 4494-97,C,,,,,,,,,Fe I/Cr I/Ti I,4494-97,KP,4496.8179,,,,,,,,
Ti I/Fe I 4512-18,C,,,,,,,,,Ti I/Fe I,4512-18,,4516.0532,,,,,,,,
TiO/Fe I 4529,C,,,,,,,TiO/Fe I,4529,Ti I/Fe I/Cr I,4526-40,TP,4529.272,,,,,,,,
Ti I 4536,C,,,,,,,Ti I,4536,Ti I/Fe I/Cr I,4526-40,TP,4535.3584,,,,,,,,
,,,,,,,,,,,,MK,4542.9,,,,,,,,
,,,,,,,,,,,,MK,4549.54,,,,,,,,
Ba II 4554,C,,,Ba II,4554,,,,,,,M,4555.24,,,,,,,,
Cr I 4566,C,,,,,,,Cr I,4566,,,,4564.1981,,,,,,,,
,,,,,,,,,,,,,4572.8864,,,,,,,,
Ca I 4581,C,,,,,,,Ca I,4581,V I/Ca I,4580-94,MK,4580.85,,,,,,,,
,,,,,,,,,,V I/Ca I,4580-94,MK,4587.49,,,,,,,,
,,,,,,,,,,,,,4598.88,,,,,,,,
,,,,,,,,,,,,MWK,4605.52,,,,,,,,
,,,,,,,,,,,,M,4614.53,,,,,,,,
TiO 4626,C,,,,,,,,,TiO,4626,MWK,4629.24,,,,,,,,
Cr I 4638,B,,,,,,,Cr I,4638,Cr I,4638,,4639.677,,,,,,,,
Cr I/V I/Ni I 4646-49,C,,,,,,,,,Cr I/V I/Ni I,4646-49,,4647.4251,,,,,,,,
Ti I 4656,C,,,,,,,,,Ti I,4656,MWK,4656.28,,,,,,,,
TiO 4668,C,,,,,,,,,TiO,4668,,4670.5073,,,,,,,,
,,,,,,,,,,,,MSK,4675.26,,,,,,,,
Ti I 4682,C,,,,,,,,,Ti I,4682,,4682.2634,,,,,,,,
,,,,,,,,,,,,MWK,4689.96,,,,,,,,
,,,,,,,,,,,,M,4700.87,,,,,,,,
,,,,,,,,,,,,TP,4709.4595,,,,,,,,
Ni I/Ti I 4715,C,,,,,,,,,Ni I/Ti I,4715,TP,4716.23,,,,,,,,
,,,,,,,,,,,,,4730.7688,,,,,,,,
,,,,,,,,,,,,,4742.012,,,,,,,,
TiO 4761-63,C,,,,,,,,,TiO,4761-63,,4767.6152,,,,,,,,
MgH 4780,C,,,,,,,,,MgH,4780,,4783.482,,,,,,,,
,,,,,,,,,,,,M,4800.02,,,,,,,,
TiO 4804,C,,,,,,,,,TiO,4804,,4810.4308,,,,,,,,
,,,,,,,,,,,,MS,4824.69,,,,,,,,
,,,,,,,,,,,,M,4831.8,,,,,,,,
,,,,,,,,,,,,M,4844.14,,,,,,,,
,,,,,,,,,,,,KP,4853.7661,,,,,,,,
H$\beta$,A,H-beta,4861.33,H-beta,,,,H-beta,4861.33,H-beta,4861.33,KP,4862.334,,,,,,,,
,,,,,,,,,,,,MK,4871.65,,,,,,,,
,,,,,,,,,,,,M,4883.51,,,,,,,,
,,,,,,,,,,,,M,4889.2,,,,,,,,
,,,,,,,,,,,,,4902.6979,,,,,,,,
,,,,,,,,,,,,M,4911.5,,,,,,,,
Fe I 4921,B,,,,,,,Fe I,4920.5,Fe I,4920.5,,4921.6533,,,,,,,,
,,,,,,,,,,,,,4939.0362,,,,,,,,
TiO 4955,B,,,Ti O alfa system,,,,,,TiO,4955,M,4959.89,,,,,,,,
,,,,,,,,,,,,MK,4966.05,,,,,,,,
,,,,,,,,,,,,,4982.5454,,,,,,,,
TiO 5003,B,,,Ti O alfa system,,,,,,TiO,5003,MWK,5005.9,,,,,,,,
Fe I/Ti I 5002-13,C,,,,,,,,,Fe I/Ti I,5002-13,,5014.7947,,,,,,,,
,,,,,,,,,,,,M,5022.98,,,,,,,,
,,,,,,,,,,,,,5040.0968,,,,,,,,
,,,,,,,,,,,,,5052.3961,,,,,,,,
,,,,,,,,,,,,,5067.3059,,,,,,,,
Fe I 5080-83,C,,,,,,,,,Fe I,5080-83,,5082.6653,,,,,,,,
,,,,,,,,,,,,TP,5101.1162,,,,,,,,
,,,,,,,,,,,,TP,5110.0762,,,,,,,,
Fe I 5126-28,C,,,,,,,,,Fe I,5126-28,,5127.2552,,,,,,,,
,,,,,,,,,,,,AW,5147.5742,,,,,,,,
,,,,,,,,,,,,AW,5153.6787,,,,,,,,
TiO 5167/Mg I 5167-73,B,Mg I,5167-73,TiO alfa system,,Mg I,5167-73,,,TiO,5167,,5172.4356,,,,,,,,
Mg I 5184,A,Mg I,5184,,,Mg I,5184,,,Mg I,5184,M,5182.85,,,,,,,,
Ti I 5193,C,,,,,Ti I/V I,5193,,,Fe I/Ti I,5192,,5193.777,,,,,,,,
Fe I/Cr I 5209,C,,,,,Fe I/Cr I,5208.6,,,Cr I/Fe I/Ti I,5205-10,,5208.0096,,,,,,,,
Fe I 5227,B,,,,,Fe I,5227,,,Fe I/Ti I,5227,,5226.0675,,,,,,,,
Fe I/Ti I 5233,C,,,,,,,,,Fe I/Ti I,5233,MS,5235.03,,,,,,,,
Fe I 5250-51,C,,,,,,,,,Fe I,5250-51,,5250.2562,,,,,,,,
Fe I 5270,B,,,,,Fe I,5269.5,,,Fe I/Ca I,5270,,5268.5596,,,,,,,,
Fe I 5284,B,,,,,Fe I,5283.6,,,Fe I,5282-84,M,5283.41,,,,,,,,
Cr I 5297-98,C,,,,,,,,,Cr I,5297-98,,5299.4848,,,,,,,,
Fe I 5328,B,,,,,Fe I,5328,,,Fe I,5328,,5329.7764,,,,,,,,
Fe I/Mn I 5340-41,C,,,,,,,,,Fe I/Mn I,5340-41,PK,5342.4492,,,,,,,,
Cr I 5346-48,C,,,,,,,,,Cr I,5346-48,PK,5347.9795,,,,,,,,
,,,,,,,,,,,,KP,5365.3779,,,,,,,,
Fe I 5371,B,,,,,Fe I,5371.49,,,Fe I ,5371,KP,5372.1016,,,,,,,,
Fe I 5397,B,,,,,Fe I,5397.13,,,Fe I,5397,TP,5395.7432,,,,,,,,
Fe I 5406,C,,,,,,,,,Fe I,5406,TP,5409.0127,,,,,,,,
Fe I 5434,B,,,,,Fe I,5434.5,,,Fe I,5434,,5434.2749,,,,,,,,
TiO 5448-51,B,,,TiO alfa system,,,,,,TiO,5448-51,,5456.4655,,,,,,,,
,,,,,,,,,,,,M,5473.64,,,,,,,,
,,,,,,,,,,,,MS,5491.19,,,,,,,,
TiO 5497,B,,,TiO alfa system,,,,,,TiO,5497,TP,5504.188,,,,,,,,
Ti I 5514,C,,,,,,,,,Ti I,5514,TP,5514.5708,,,,,,,,
Mg I 5528,C,,,,,,,,,Mg I,5528,PK,5529.6514,,,,,,,,
,,,,,,,,,,,,PK,5535.4927,,,,,,,,
Fe I/V I 5544-47,C,,,,,,,,,Fe I/V I,5544-47,MS,5547.17,,,,,,,,
,,,,,,,,,,,,M,5590.81,,,,,,,,
TiO 5597-03,C,,,,,,,,,TiO,5597-03,AW,5601.5522,,,,,,,,
,,,,,,,,,,,,AW,5605.2988,,,,,,,,
,,,,,,,,,,,,MK,5619.28,,,,,,,,
,,,,,,,,,,,,M,5631.61,,,,,,,,
,,,,,,,,,,,,,5641.2168,,,,,,,,
,,,,,,,,,,,,AW,5663.6636,,,,,,,,
,,,,,,,,,,,,AW,5671.3696,,,,,,,,
V I/Sc I/Cu I 5698-5700,C,,,,,,,,,V I/Sc I/Cu I,5698-5700,TSP,5702.6001,,,,,,,,
Ni I/Fe I 5710,C,,,,,,,,,Ni I/Fe I,5710,TSP,5710.5132,,,,,,,,
,,,,,,,,,,,,,5729.0431,,,,,,,,
,,,,,,,,,,,,M,5740.25,,,,,,,,
TiO 5760,C,,,,,,,,,TiO,5760,,5764.9787,,,,,,,,
,,,,,,,,,,,,,5784.5928,,,,,,,,
,,,,,,,,,,,,MSK,5799.54,,,,,,,,
TiO 5814,C,,,,,,,,,TiO,5814,M,5818.04,,,,,,,,
TiO 5847,C,,,,,,,,,TiO,5847,,5840.1154,,,,,,,,
,,,,,,,,,,,,,5854.9142,,,,,,,,
,,,,,,,,,,,,,5867.0159,,,,,,,,
,,,,,,,,,,,,,5880.0431,,,,,,,,
Na I 5889,A,Na I,5889,,,Na I,5889,,,Na I,5889,TP,5892.1929,,,,,,,,
Na I 5896,A,Na I,5896,,,Na I,5896,,,Na I,5896,TP,5899.0854,,,,,,,,
,,,,,,,,,,,,M,5909.13,,,,,,,,
,,,,,,,,,,,,MS,5915.29,,,,,,,,
,,,,,,,,,,,,MS,5923.83,,,,,,,,
,,,,,,,,,,,,MS,5942.33,,,,,,,,
,,,,,,,,,,,,TP,5953.1504,,,,,,,,
,,,,,,,,,,,,TP,5958.5635,,,,,,,,
,,,,,,,,,,,,MSK,5967,,,,,,,,
,,,,,,,,,,,,,5978.9765,,,,,,,,
,,,,,,,,,,,,TSP,6003.6235,,,,,,,,
,,,,,,,,,,,,TSP,6009.0425,,,,,,,,
,,,,,,,,,,,,M,6039.58,,,,,,,,
,,,,,,,,,,,,KP,6061.541,,,,,,,,
,,,,,,,,,,,,KP,6066.0659,,,,,,,,
,,,,,,,,,,,,TP,6083.377,,,,,,,,
,,,,,,,,,,,,TP,6091.4951,,,,,,,,
,,,,,,,,,,,,,6105.3587,,,,,,,,
,,,,,,,,,,,,MK,6112.16,,,,,,,,
Ca I 6122,C,,,,,,,,,Ca I,6122,,6122.6607,,,,,,,,
Fe I 6137,C,,,,,,,,,Fe I,6137,,6137.9786,,,,,,,,
,,,,,,,,,,,,M,6152.96,,,,,,,,
TiO 6159,C,,,,,,,,,Ti O,6159,,6165.1075,,,,,,,,
,,,,,,,,,,,,MK,6177.63,,,,,,,,
,,,,,,,,,,,,,6192.6386,,,,,,,,
,,,,,,,,,,,,M,6218.42,,,,,,,,
,,,,,,,,,,,,,6228.4835,,,,,,,,
V I/Fe I 6240-43,C,,,,,,,,,V I/Fe I,6240-43,,6242.2764,,,,,,,,
Ti I 6258-61,C,,,,,,,,,Ti I,6258-61,,6259.0403,,,,,,,,
TiO 6268,C,,,,,,,,,TiO,6268,,6270.3552,,,,,,,,
,,,,,,,,,,,,,6278.9914,,,,,,,,
,,,,,,,,,,,,,6297.245,,,,,,,,
,,,,,,,,,,,,MW,6325.16,,,,,,,,
,,,,,,,,,,,,MW,6337.02,,,,,,,,
,,,,,,,,,,,,,6347.2632,,,,,,,,
TiO 6358,C,,,,,,,,,TiO,6358,,6361.2251,,,,,,,,
,,,,,,,,,,,,M,6382.56,,,,,,,,
,,,,,,,,,,,,MS,6387.78,,,,,,,,
,,,,,,,,,,,,M,6395.37,,,,,,,,
,,,,,,,,,,,,MK,6401.06,,,,,,,,
,,,,,,,,,,,,MSK,6415.77,,,,,,,,
,,,,,,,,,,,,,6422.763,,,,,,,,
,,,,,,,,,,,,,6432.2,,,,,,,,
,,,,,,,,,,,,,6452.1009,,,,,,,,
,,,,,,,,,,,,,6464.4658,,,,,,,,
TiO 6478,C,,,,,,,,,TiO,6478,MK,6478.38,,,,,,,,
,,,,,,,,,,,,,6485.5782,,,,,,,,
Ba I/Fe I/Ca I 6497,C,,,,,,,,,Ba I/Fe I/Ca I,6497,,6497.7922,,,,,,,,
,,,,,,,,,,,,,6517.2946,,,,,,,,
,,,,,,,,,,,,MK,6528.2,,,,,,,,
,,,,,,,,,,,,MK,6533.89,,,,,,,,
,,,,,,,,,,,,,6555.6656,,,,,,,,
H$\alpha$,A,H-alfa,6562.82,,,H-alfa,6562.82,,,H-alfa,6562.82,,6564.8493,,,,,,,,
TiO 6569,C,,,,,,,,,TiO,6569,,6575.0666,,,,,,,,
,,,,,,,,,,,,MK,6582.27,,,,,,,,
,,,,,,,,,,,,,6596.1687,,,,,,,,
,,,,,,,,,,,,,6609.4927,,,,,,,,
,,,,,,,,,,,,,6627.8437,,,,,,,,
,,,,,,,,,,,,,6638.1439,,,,,,,,
,,,,,,,,,,,,,6653.91,,,,,,,,
,,,,,,,,,,,,,6684.27,,,,,,,,
,,,,,,,,,,,,,6720.32,,,,,,,,
,,,,,,,,,,,,,6752.1,,,,,,,,
,,,,,,,,,,,,,6786.73,,,,,,,,
,,,,,,,,,,,,,6818.04,,,,,,,,
Telluric O2,C,,,,,,,,,Telluric O2,,,6871.17,,,,,,,,
TiO 7054,C,,,,,,,,,TiO,7054,,7058.08,,,,,,,,
TiO 7088,C,,,,,,,,,TiO,7088,,7091.76,,,,,,,,
TiO 7126,C,,,,,,,,,TiO,7126,,7130.19,,,,,,,,