H9,C,H9,3835,,,,,,,,,,3834.0155,,,,,,,,,
,,,,,,,,,,,,,3856.5315,,,,,,,,,
,,,,,,,,,,,,MK,3870,,,,,,,,,
H8,C,H8,3888.6,,,,,,,,,,3886.6031,,,,,,,,,
,,,,,,,,,,,,MK,3905.5,,,,,,,,,
,,,,,,,,,,,,MK,3920.5,,,,,,,,,
Ca II 3934,B,Ca II,3934,Ca II K,,,,,,,,,3932.9948,,,,,,,,,
,,,,,,,,,,,,MSK,3940,,,,,,,,,
Hepsilon/Ca II 3968-70,B,Hepsilon/Ca II,3968-70,Ca II H,,,,,,,,,3968.3746,,,,,,,,,
,,,,,,,,,,,,MS,3989.5,,,,,,,,,
,,,,,,,,,,,,M,3995.5,,,,,,,,,
Fe I 4005,B,,,,,,,Fe I,4005,Fe I,4005.3,,4005.4855,,,,,,,,,
,,,,,,,,,,Ti I/Ti II,4025,,4023.557,,,,,,,,,
Mn I 4031-36,A,,,Mn I,4032,,,Mn I,4031-36,Mn I,4030-36,,4032.3519,,,,,,,,,
Fe I 4046,A,,,Fe I,4046,,,Fe I,4045.82,Fe I,4045.81,,4045.1368,,,,,,,,,
Fe I/Sc I/Co I 4055-60,C,,,,,,,,,Fe I/Sc I/Co I,4055-60,MK,4057,,,,,,,,,
Fe I 4064,B,,,,,,,Fe I,4063.6,Fe I,4063.6,,4063.2897,,,,,,,,,
Fe I 4072 ,B,,,,,,,Fe I,4071.7,Fe I,4072,MK,4071.5,,,,,,,,,
Fe I/Sr II 4077,B,,,Sr II,4077,,,Fe I/Sr II,4075-78,Fe I/Sr II,4075-78,,4076.5224,,,,,,,,,
Mn I 4084,B,,,,,,,Mn I,4084,Fe I/Mn I,4084,,4083.9031,,,,,,,,,
Hdelta,A,Hdelta,4101.74,Hdelta,,,,Hdelta,4101.74,Hdelta,4101.74,,4100.7525,,,,,,,,,
V I 4110-12,B,,,,,,,V I,4110-12,V I,4112,M,4111,,,,,,,,,
Co I 4119-21,B,,,,,,,Co I,4119-21,V I/Co I,4119,,4120.0879,,,,,,,,,
Fe I 4132,C,,,,,,,Fe I,4132.06,,,,4131.6992,,,,,,,,,
Fe I 4144,B,,,,,,,Fe I,4143.92,Fe I,4144-48,TP,4143.7485,,,,,,,,,
Fe I 4154-57,C,,,,,,,,,Fe I,4154-57,TP,4152.042,,,,,,,,,
TI I/Mg I/Fe I 4164-68,C,,,,,,,,,Ti I/Mg I/Fe I,4164-68,MK,4166,,,,,,,,,
Fe I 4171-76,B,,,,,,,Fe I,4171-76,Fe I,4171-76,AW,4174.2554,,,,,,,,,
CN/Fe I 4178-82,C,,,,,,,CN/Fe I,4178-82,,,AW,4178.959,,,,,,,,,
,,,,,,,,,,Fe I,4185-88,M,4189,,,,,,,,,
Fe I 4198-03,B,,,,,,,Fe I,4198-02,Fe I,4198-03,,4199.918,,,,,,,,,
,,,,,,,,,,,,,4213.7682,,,,,,,,,
Ca I 4226,A,,,Ca I,4226,,,Ca I,4226.73,Ca I,4226.73,,4226.3263,,,,,,,,,
Fe I 4236,B,,,,,,,Fe I,4235.94,Fe I/Co I,4234-36,,4236.0547,,,,,,,,,
Fe I/Cr I 4250-54,B,,,Fe I/Cr I,4250-54,,,Fe I/Cr I,4250-54,Fe I,4251,TP,4252.689,,,,,,,,,
Fe I 4260,A,,,Fe I,4260,,,Fe I,4260,Fe I,4260.5,TP,4259.8188,,,,,,,,,
Fe I/Cr I 4272-75,B,,,Fe I,4271,,,Fe I/Cr I,4272-75,Fe I/Cr I,4272-75,,4272.5873,,,,,,,,,
Ca I 4283,C,,,,,,,Ca I,4283,,,MK,4283,,,,,,,,,
Cr I 4290,C,,,Cr I,4290,,,Cr I,4289.72,Ti I/Fe I,4290-96,,4290.4641,,,,,,,,,
CH 4299-4313,A,,,G-band,,,,CH,,CH,4299-4313,PK,4302.8501,,,,,,,,,
Fe I 4308,C,,,G-band,,,,Fe I,4307.91,CH,4299-4313,PK,4307.9849,,,,,,,,,
Fe I 4326,A,,,Fe I,4326,,,Fe I,4325.8,Fe I,4326,,4325.2471,,,,,,,,,
Hgamma,A,Hgamma,4340.47,Hgamma,,,,,,Hgamma,4340.47,,4340.0717,,,,,,,,,
Cr I/V I 4352-53,C,,,,,,,Cr I/Fe II/Fe I/V I,4352-53,Cr I/V I,4352-53,,4352.6013,,,,,,,,,
Cr I 4360,B,,,,,,,Cr I,4359.6,Cr I,4359.6,MK,4359.5,,,,,,,,,
,,,,Y II,4376,,,,,Fe I,4376,,4374.5423,,,,,,,,,
Fe I 4383,A,,,Fe I,4383,,,Fe I,4383.55,Fe I,4383.54,PK,4383.7998,,,,,,,,,
,,,,,,,,,,,,PK,4388.5703,,,,,,,,,
Fe I 4405,B,,,,,,,Fe I,4404.75,Fe I,4404.7,,4405.9461,,,,,,,,,
Fe I 4415,B,,,,,,,Fe I,4415.1,Fe I,4415.12,,4415.7989,,,,,,,,,
,,,,,,,,,,,,M,4423,,,,,,,,,
Fe I/Ca I 4435,C,,,,,,,,,Fe I/Ca I,4435,,4433.8503,,,,,,,,,
Fe I 4442,B,,,,,,,Fe I,4442.35,Fe I/Ti II,4442-48,,4442.6703,,,,,,,,,
Ca I/Fe I/Ti I 4455-62,C,,,,,,,,,Ca I/Fe I/Ti I,4455-62,,4459.855,,,,,,,,,
Ti II/Fe I 4469,C,,,,,,,,,Ti II/Fe I,4469,M,4468.5,,,,,,,,,
Fe I 4480-82,B,,,,,,,Fe I,4480-82,Fe I,4482,,4481.4754,,,,,,,,,
Fe I 4490,C,,,,,,,,,Fe I,4490,MK,4490,,,,,,,,,
Fe I 4495,C,,,,,,,Fe I,4494.57,Fe I/Cr I/Ti I,4494-97,,4494.874,,,,,,,,,
Ti I/Fe I 4512-18,C,,,,,,,,,Ti I/Fe I,4512-18,,4515.7471,,,,,,,,,
Fe I 4529,C,,,,,,,Fe I,4528.62,Ti I/Fe I,4526-29,AW,4527.7788,,,,,,,,,
Ti I 4536,C,,,,,,,Ti I,4536,Ti I/Fe I,4531-36,AW,4532.0962,,,,,,,,,
,,,,,,,,,,,,M,4542.5,,,,,,,,,
,,,,,,,,,,,,,4553.1733,,,,,,,,,
Cr I 4566,B,,,,,,,Cr I,4565.5,Cr I,4566,,4564.4922,,,,,,,,,
Ti II/Mg I 4572,C,,,,,,,,,Ti II/Mg I,4572,,4572.0579,,,,,,,,,
Ca I 4581,C,,,,,,,Ca I/Fe I,4581,V I/Ca I,4580,,4581.4541,,,,,,,,,
,,,,,,,,,,,,,4595.893,,,,,,,,,
Fe I/Cr I 4600-02,C,,,,,,,,,Fe I/Cr I,4600-02,MK,4603.5,,,,,,,,,
,,,,,,,,,,,,,4613.6859,,,,,,,,,
,,,,,,,,,,,,M,4620.5,,,,,,,,,
,,,,,,,,,,,,M,4627,,,,,,,,,
Cr I 4638,C,,,,,,,,,Cr I,4638,M,4639.5,,,,,,,,,
Cr I 4646,C,,,,,,,,,Cr I,4646,,4646.8991,,,,,,,,,
,,,,,,,,Fe I,4654.5,Ti I,4656,M,4654.5,,,,,,,,,
Ti I/Fe I 4668,B,,,,,Ti I/Fe I,4667.5,Ti I,4667.5,Fe I/Ti I,4668,,4667.5158,,,,,,,,,
Ti I 4682,B,,,,,Ti I/Y II,4681.91,Ti I/Fe I,4680-82,TI I,4682,TP,4681.4097,,,,,,,,,
,,,,,,,,,,,,TP,4689.4731,,,,,,,,,
Cr I 4699,C,,,,,Ti I/Cr I,4698.7,Cr I,4698.5,,,,4700.9118,,,,,,,,,
V I/Nd II 4707,C,,,,,V I/Nd II,4706.7,,,,,,4707.9471,,,,,,,,,
,,,,,,Ti I/Fe I/Zr I,4710-15,,,Ni I/Ti I,4715,MK,4713.5,,,,,,,,,
,,,,,,,,,,,,,4730.2745,,,,,,,,,
,,,,,,,,,,,,M,4743,,,,,,,,,
Fe I/Mn I 4754-58,C,,,,,V I/Mn I/Fe I/Cr I,4754-58,Mn I,4754.04,Fe I/Mn I,4754-58,M,4755.5,,,,,,,,,
Mn I 4767,C,,,,,V I/Mn I/Cr I,4766.6,,,Fe I/Mn I,4766-68,,4765.2329,,,,,,,,,
Mn I 4783,C,,,,,V I,4784.48,Mn I,4783.42,Mn I,4783,AW,4785.4512,,,,,,,,,
Fe I/Ti I 4790-92,C,,,,,,,Fe I/Ti I,4790-92,,,AW,4790.0811,,,,,,,,,
V I/Ti I 4800,C,,,,,V I/Ti I,4799.8,,,,,,4799.4577,,,,,,,,,
V I/Fe I 4808,C,,,,,V I/Fe I,4807.5,,,,,,4808.2257,,,,,,,,,
,,,,,,,,,,,,M,4825.5,,,,,,,,,
V I 4832,C,,,,,V I,4832,,,,,,4832.1628,,,,,,,,,
Ti I 4841,C,,,,,Ti I,4840.87,,,,,,4841.6995,,,,,,,,,
Hbeta,A,Hbeta,4861.33,,,Hbeta,4861.33,Hbeta,4861.33,Hbeta,4861.33,TP,4861.5342,,,,,,,,,
Fe I 4871-72,B,,,,,Fe I,4871-72,Fe I,4871-72,,,TP,4871.8984,,,,,,,,,
Ni I 4887,C,,,,,,,Ni I,4886.99,Fe I,4889,,4887.3905,,,,,,,,,
Fe I/Cr I 4903,C,,,,,Fe I/Cr I,4903.3,,,,,,4902.2653,,,,,,,,,
Fe I/Ni I 4912,C,,,,,Fe I/Ni I,4911.79,,,,,,4910.8762,,,,,,,,,
Fe I 4919-21,A,,,,,Fe I,4919-21,Fe I,4919-21,Fe I,4919-20,,4920.9157,,,,,,,,,
Fe I 4939,C,,,,,Fe I,4938.82,,,,,,4937.7001,,,,,,,,,
,,,,,,,,,,,,MSK,4947,,,,,,,,,
Fe I 4958,A,,,,,Fe I,4957.5,Fe I,4957.5,Fe I,4958,,4957.6217,,,,,,,,,
,,,,,,,,,,,,,4967.2878,,,,,,,,,
Ti I 4982,B,,,,,Ti I/Fe I,4982-83,,,Ti I,4982,,4983.4197,,,,,,,,,
Fe I 5002-06,B,,,,,Fe I,5002-06,,,Fe I/Ti I,5002-13,,5004.8487,,,,,,,,,
Fe I/Ti I 5012-16,B,,,,,Fe I/Ti I,5012-16,,,Fe I/Ti I,5002-13,,5014.578,,,,,,,,,
,,,,,,Ti I/Ni I,5038-40,,,Fe I,5041,,5040.1165,,,,,,,,,
,,,,,,,,,,,,,5050.7551,,,,,,,,,
Ti I/Fe I 5065-69,C,,,,,Ti I/Fe I,5065-69,,,,,,5067.3698,,,,,,,,,
,,,,,,,,,,,,,5080.8378,,,,,,,,,
Fe I 5099,B,,,,,Fe I,5099,,,Fe I,5099,,5099.0509,,,,,,,,,
,,,,,,,,,,,,,5108.8196,,,,,,,,,
,,,,,,,,,,,,wide,5126.0739,,,,,,,,,
Ti I/Fe I 5145-48,C,,,,,Ti I/Fe I,5145-48,,,,,AVW,5144.103,,,,,,,,,
Ti I/Fe I 5152,C,,,,,Ti I/Fe I,5152,,,,,AVW,5151.5098,,,,,,,,,
Mg I 5167-72,A,Mg I,5167.32,,,Mg I,5167,,,Mg I,5167.32,AW,5167.9937,,,,,,,,,
,,Mg I,5172.68,,,Mg I,5172,,,Mg I,5172.68,AW,5172.9253,,,,,,,,,
Mg I 5184,A,Mg I,5183.6,,,Mg I,5183.6,,,Mg I,5183.6,,5183.1848,,,,,,,,,
Fe I/Ti I 5192,B,,,,,Fe I/Ti I/V I,5192-95,,,Fe I/Ti I,5192,,5193.8538,,,,,,,,,
Fe I/Cr I 5204-08,B,,,,,Fe I/Cr I,5204-08,,,Cr I/Fe I,5204-08,,5207.4758,,,,,,,,,
Fe I/Cr I 5226-27,B,,,,,Fe I/Cr I,5226-27,,,Fe I,5227,,5226.138,,,,,,,,,
,,,,,,,,,,Fe I,5232.94,M,5234.5,,,,,,,,,
Fe I/Ti I 5250-52,B,,,,,Fe I/Ti I,5250-52,,,Fe I,5250-51,,5250.721,,,,,,,,,
Fe I 5266,C,,,,,Fe I/Co I,5266.5,,,Fe I/Ca I/Cr I,5262-64,AW,5266.4116,,,,,,,,,
Fe I/Ca I 5270,B,,,,,Fe I/Ca I,5270,,,Fe I/Ca I,5270,AW,5271.1543,,,,,,,,,
Ti I/Fe I 528-84,B,,,,,Ti I/Fe I,5282-84,,,Fe I,5282-84,,5282.299,,,,,,,,,
Ti I/Cr I 5297,B,,,,,Ti I/Cr I,5297,,,Cr I,5297-98,,5298.2903,,,,,,,,,
Fe I/Cr I 5328,B,,,,,Fe I/Cr I,5328,,,Fe I,5328,,5328.0771,,,,,,,,,
Fe I/Mn I 5339-41,B,,,,,Fe I/Mn I/Sc I,5339-41,,,Fe I/Mn I,5340-41,,5341.7358,,,,,,,,,
Cr I 5346-48,C,,,,,,,,,Cr I,5346-48,,5348.0903,,,,,,,,,
Fe I 5371,B,,,,,Fe I,5371.49,,,Fe I,5371.49,,5370.1794,,,,,,,,,
Ti I/Fe I 5397,B,,,,,Ti I/Fe I,5397,,,Fe I,5397.13,,5396.1352,,,,,,,,,
Fe I 5406,B,,,,,Fe I,5405.78,,,Fe I,5406,,5406.3256,,,,,,,,,
,,,,,,,,,,,,M,5423,,,,,,,,,
Fe I 5435,B,,,,,Fe I,5434.5,,,Fe I,5434.5,,5433.0314,,,,,,,,,
Fe I 5447,B,,,,,Fe I,5446.9,,,Fe I,5447,,5447.0547,,,,,,,,,
Fe I 5456,B,,,,,Fe I,5455.61,,,Fe I,5455.61,,5455.3695,,,,,,,,,
,,,,,,,,,,,,,5463.662,,,,,,,,,
Ni I 5477,C,,,,,,,,,Ni I,5477,AW,5476.1836,,,,,,,,,
,,,,,,Ti I/Sc I/V I,5482,,,Mn I,5481,AW,5481.5122,,,,,,,,,
Ti I/Fe I 5490,C,,,,,Ti I/Fe I,5490,,,,,,5489.6937,,,,,,,,,
,,,,,,V I,5507.75,,,Fe I,5506.78,TP,5507.2446,,,,,,,,,
Ti I 5514,C,,,,,Ti I/Fe I/V I,5513-15,,,Ti I,5514,TP,5513.7974,,,,,,,,,
,,,,,,V I/Y I,5527.7,,,Mg I,5528.4,TP,5528.8979,,,,,,,,,
,,,,,,,,,,,,TP,5535.4497,,,,,,,,,
Fe I/V I 5544-47,C,,,,,,,,,Fe I/V I,5544-47,,5544.7285,,,,,,,,,
,,,,,,,,,,,,MSK,5555.5,,,,,,,,,
,,,,,,,,,,,,wide,5567.1315,,,,,,,,,
Fe I/Ca I/Ni I 5587-89,C,,,,,,,,,Fe I/Ca I/Ni I,5587-89,,5589.0019,,,,,,,,,
Fe I/Ca I 5601-03,B,,,,,Fe I/Ca I,5602.9,,,Fe I/Ca I,5601-03,,5601.2362,,,,,,,,,
Fe I 5616-19,B,,,,,Fe I,5616-19,,,Fe I,5616,TP,5617.6353,,,,,,,,,
Fe I/V I 5624-2,B,,,,,Fe I/V I,5624-28,,,Fe I/V I,5624-28,TP,5624.6421,,,,,,,,,
,,,,,,,,,,,,AW,5637.9966,,,,,,,,,
,,,,,,,,,,,,AW,5641.7573,,,,,,,,,
Fe I 5659,B,,,,,Fe I,5659,,,Fe I/Sc II,5658-59,,5659.3784,,,,,,,,,
V I 5668-71,C,,,,,V I,5668-71,,,,,MK,5668.5,,,,,,,,,
,,,,,,,,,,,,AW,5682.939,,,,,,,,,
,,,,,,,,,,,,AW,5687.0869,,,,,,,,,
V I/Sc I/Cu I 5698-5700,C,,,,,,,,,V I/Sc I/Cu I,5698-5700,PK,5701.4526,,,,,,,,,
Fe I/Ni I 5709,B,,,,,Fe I/Ni I,5709,,,Ni I/Fe I,5710,PK,5709.5967,,,,,,,,,
V I 5731,C,,,,,V I,5731,,,,,,5730.193,,,,,,,,,
,,,,,,,,,,,,,5741.5127,,,,,,,,,
Fe I 5753,C,,,,,Fe I/Ti I,5753,,,Ni I/Fe I,5754,,5753.5729,,,,,,,,,
Fe I 5763,C,,,,,V I/Fe I,5761-63,,,Fe I,5763,,5761.7097,,,,,,,,,
V I/Si I 5772-77,C,,,,,V I/Si I,5772-77,,,,,MSK,5774.5,,,,,,,,,
,,,,,,Fe I/Cr I/V I,5783-85,,,Cu I/Cr I,5782-86,,5783.8007,,,,,,,,,
,,,,,,,,,,,,M,5798,,,,,,,,,
,,,,,,,,,,,,,5806.6887,,,,,,,,,
,,,,,,,,,,,,,5815.1719,,,,,,,,,
,,,,,,,,,,,,M,5825.5,,,,,,,,,
,,,,,,,,,,,,,5835.885,,,,,,,,,
,,,,,,,,,,,,,5856.9722,,,,,,,,,
Ti I 5866,C,,,,,Ti I,5866,,,,,MWK,5866,,,,,,,,,
Ti I/Fe I 5880,C,,,,,Ti I/Fe I,5880,,,,,MK,5881.5,,,,,,,,,
Na I 5890-96,A,Na I,5889.95,,,Na I,5889,,,Na I,5889.95,AW,5890.3413,,,,,,,,,
,,Na I,5895.92,,,Na I,5895,,,Na I,5895.92,AW,5895.6665,,,,,,,,,
,,,,,,,,,,,,AW,5915.3628,,,,,,,,,
Ti I 5919,C,,,,,Ti I,5918.5,,,,,AW,5918.7783,,,,,,,,,
,,,,,,,,,,,,M,5935,,,,,,,,,
Ti I 5942,C,,,,,Ti I,5941.7,,,,,,5942.8636,,,,,,,,,
,,,,,,,,,,,,M,5950,,,,,,,,,
,,,,,,,,,,,,M,5957.5,,,,,,,,,
Ti I 5966,C,,,,,Ti I,5965.8,,,,,,5967.0323,,,,,,,,,
,,,,,,,,,,,,TP,5978.3774,,,,,,,,,
V I/Ti I/Fe I 5985,C,,,,,V I/Ti I/Fe I,5984.6,,,,,TP,5984.647,,,,,,,,,
,,,,,,,,,,,,M,6000,,,,,,,,,
V I/Fe I 6009,C,,,,,V I/Fe I,6008.65,,,,,,6007.8008,,,,,,,,,
V I 6018,C,,,,,V I,6017.9,,,,,wide,6017.8933,,,,,,,,,
,,,,,,,,,,,,,6041.1682,,,,,,,,,
V I 6058,C,,,,,V I,6058.1,,,,,TP,6057.481,,,,,,,,,
Ti I 6065,C,,,,,Ti I,6064.6,,,,,TP,6064.8525,,,,,,,,,
V I/Ti I/Fe I 6081-85,C,,,,,V I/Ti I/Fe I,6081-85,,,,,TP,6083.5347,,,,,,,,,
V I 6090-91,C,,,,,V I,6090-91,,,,,TP,6091.5435,,,,,,,,,
Ca I 6103,C,,,,,,,,,Ca I,6102.72,,6103.377,,,,,,,,,
Ca I 6122,C,,,,,,,,,Ca I,6122,TP,6122.0059,,,,,,,,,
V I 6128,C,,,,,V I,6128.3,,,,,TP,6128.0669,,,,,,,,,
Fe I 6137,C,,,,,,,,,Fe I,6137,,6137.4129,,,,,,,,,
V I/Ti I 6150,C,,,,,V I/Ti I,6150.1,,,,,,6150.56,,,,,,,,,
Ca I 6162,C,,,,,,,,,Ca I,6162,,6162.7827,,,,,,,,,
,,,,,,V I/Fe I,6170,,,Ca I,6169,MK,6170,,,,,,,,,
V I/Co I 6189,C,,,,,V I/Co I,6189.35,,,,,,6190.3941,,,,,,,,,
V I/Fe I 6199,C,,,,,V I/Fe I,6199.2,,,,,,6200.413,,,,,,,,,
V I 6207,C,,,,,V I,6207,,,,,MSK,6207.5,,,,,,,,,
V I 6214-16,C,,,,,V I,6214,,,,,AW,6214.606,,,,,,,,,
,,,,,,V I,6216,,,,,AW,6218.7207,,,,,,,,,
V I/Fe I/Co I 6231,C,,,,,V I/Fe I/Co I,6230.74,,,,,,6231.1238,,,,,,,,,
V I 6243,B,,,,,V I,6243,,,V I,6243,,6242.9741,,,,,,,,,
,,,,,,V I,6257,,,Ti I,6258-59-62,,6257.1413,,,,,,,,,
,,,,,,,,,,,,,6268.0437,,,,,,,,,
,,,,,,,,,,,,,6280.3694,,,,,,,,,
V I/Ti I 6297,C,,,,,V I/Ti I,6296.5,,,,,AW,6298.6411,,,,,,,,,
Fe I 6302-03,C,,,,,Fe I,6302-03,,,,,AW,6303.4336,,,,,,,,,
,,,,,,,,,,,,AW,6313.2905,,,,,,,,,
,,,,,,,,,,,,AW,6318.1367,,,,,,,,,
Fe I 6337,C,,,,,Fe I,6337,,,,,TP,6337.1997,,,,,,,,,
,,,,,,,,,,,,TP,6344.2822,,,,,,,,,
Fe I/Cr I 6359-63,C,,,,,,,,,Fe I/Cr I,6359-63,wide,6361.0879,,,,,,,,,
,,,,,,,,,,,,,6380.9118,,,,,,,,,
,,,,,,,,,,,,TP,6393.9873,,,,,,,,,
Fe I 6400,C,,,,,Fe I,6400,,,,,TP,6400.1709,,,,,,,,,
Fe I 6412,C,,,,,Fe I,6411.66,,,,,TP,6411.9224,,,,,,,,,
,,,,,,,,,,,,TP,6420.2275,,,,,,,,,
,,,,,,,,,,,,TP,6431.8394,,,,,,,,,
,,,,,,,,,,,,TP,6438.7275,,,,,,,,,
,,,,,,V I,6452,,,Co I,6450.25,,6450.8945,,,,,,,,,
,,,,,,,,,,,,MSK,6456,,,,,,,,,
,,,,,,,,,,,,,6464.0603,,,,,,,,,
,,,,,,,,,,,,,6483.0185,,,,,,,,,
Ba I/Fe I/Ca I 6497,C,,,,,,,,,Ba I/Fe I/ca I,6497,,6496.0722,,,,,,,,,
,,,,,,,,,,,,,6517.609,,,,,,,,,
,,,,,,,,,,,,PK,6528.5566,,,,,,,,,
,,,,,,,,,,,,PK,6533.3301,,,,,,,,,
,,,,,,,,,,,,M,6547,,,,,,,,,
Ti I 6556,C,,,,,Ti I,6556,,,,,PK,6556.6821,,,,,,,,,
Halfa,A,Halfa,6562.82,,,Halfa,6562.82,,,Halfa,6562.82,PK,6563.1445,,,,,,,,,
,,,,,,,,,,,,,6573.6707,,,,,,,,,
,,,,,,,,,,,,M,6583,,,,,,,,,
,,,,,,,,,,,,,6594.2756,,,,,,,,,
,,,,,,,,,,,,,6608.4846,,,,,,,,,
V I/Fe I 6625,C,,,,,V I/Fe I,6624.86,,,,,TP,6625.8228,,,,,,,,,
,,,,,,,,,,,,TP,6633.314,,,,,,,,,
,,,,,,,,,,,,,6644.5554,,,,,,,,,
,,,,,,,,,,,,wide,6665.2463,,,,,,,,,
,,,,,,,,,,,,,6678.2604,,,,,,,,,
,,,,,,,,,,,,,6697.6581,,,,,,,,,
,,,,,,,,,,,,PK,6709.5449,,,,,,,,,
,,,,,,,,,,,,PK,6716.5444,,,,,,,,,
,,,,,,,,,,,,M,6726.5,,,,,,,,,
Ti I 6743,C,,,,,Ti I,6743,,,,,AVW,6742.7461,,,,,,,,,
V I/Fe I 6753,C,,,,,V I/Fe I,6753,,,,,AVW,6752.1338,,,,,,,,,
,,,,,,,,,,,,,6769.3097,,,,,,,,,
,,,,,,,,,,,,,6785.0495,,,,,,,,,
,,,,,,,,,,,,,6795.2638,,,,,,,,,
,,,,,,,,,,,,,6841.7378,,,,,,,,,