,,,,,,H16,3703.86,,,TSP,3703.4619,,,,,,,Walker,Spectral Atlas for Amateur Astronomers
Ca II/Fe I 3706-09,C,,,,,Ca II/Fe I,3706-09,,,TSP,3707.4858,,,,,,,Moore,The solar spectrum 2935-8770
H-14/Fe I 3720,C,,,,,H14/Fe I,3719.9,,,,3720.5459,,,,,,,Roach,The spectrum of gamma cygni
H-13/Fe I 3734,C,,,,,H13/Fe I,3734,,,,3732.5244,,,,,,,,
Fe I 3746,C,,,,,Fe I,3746,,,,3747.0338,,,,,,,,
Fe I 3758,C,,,,,Fe I,3758,,,,3758.195,,,,,,,,
Fe I 3767,C,,,,,Fe I,3767,,,PK,3767.6021,,,,,,,,
H-11,C,,,,,H11,3770.63,,,PK,3771.5381,,,,,,,,
Fe I 3788,C,,,,,Fe I,3787.9,,,ATP,3787.2974,,,,,,,,
Fe I 3798,C,H10,3797.5,,,Fe I,3797.9,,,ATP,3795.3999,,,,,,,,
,,,,,,,,,,,3805.3348,,,,,,,,
Fe I 3816,C,,,,,Fe I,3815.8,,,,3813.7632,,,,,,,,
Fe I 3826,C,,,,,Fe I,3825.9,,,M,3826.5,,,,,,,,
H-9/Mg I 3832-35,C,H9,3835,H9,,H9/Mg I,3832-35,,,,3833.646,,,,,,,,
Fe I 3850,C,,,,,Fe I,3849.9,,,,3848.048,,,,,,,,
Fe I 3856-60,C,,,,,Fe I,3856-60,,,M,3857.5,,,,,,,,
,,,,,,,,,,M,3863.5,,,,,,,,
Fe I 3873,C,,,,,Fe I,3872.5,,,,3872.1852,,,,,,,,
H-8,B,H8,3888.6,H8,,H8,3889.05,,,PK,3887.2078,,,,,,,,
Fe I 3896,C,,,,,Fe I,3896,,,PK,3896.2107,,,,,,,,
Fe I/Cr I/Si I 3903-06,C,,,,,Fe I/Cr I/Si I,3903-06,,,,3904.8692,,,,,,,,
,,,,,,,,,,MK,3918,,,,,,,,
Ca II 3934,A,Ca II,3933.6,Ca II K,,Ca II,3933.7,Ca II,3933.66,,3932.7153,,,,,,,,
,,,,,,,,,,M,3949.5,,,,,,,,
Ca II 3970,A,Ca II,3968.47,Ca II H/Hepsilon,,Ca II,3968.5,Ca II,3968.47,,3967.7874,,,,,,,,
,,,,,,,,,,M,3981,,,,,,,,
,,,,,,,,,,M,3989.5,,,,,,,,
Fe I/Ti I 3996-98,C,,,,,,,Fe I/Ti I,3996-98,,3996.6573,,,,,,,,
Fe I 4005,B,,,,,Fe I,4005.2,Fe I,4005-06,,4004.5269,,,,,,,,
,,,,,,,,,,,4013.4057,,,,,,,,
,,,,,,,,,,,4022.884,,,,,,,,
Mn I 4030,A,,,Mn I,4030,Mn I,4030.7,Fe I/Mn I,4030-36,,4031.5192,,,,,,,,
Fe I 4046,B,,,Fe I,4046,Fe I,4045.8,Fe I ,4046,,4044.0457,,,,,,,,
,,,,,,,,,,,4053.3503,,,,,,,,
Fe I 4064,B,,,,,Fe I,4063.6,Fe I,4064,,4063.8739,,,,,,,,
Sr II 4077,B,,,Sr II,4077,Sr II,4077.7,Fe I/Sr II,4072-78,,4076.6595,,,,,,,,
Fe I/Mn I 4084,C,,,,,,,Fe I/Mn I,4084,,4085.0633,,,,,,,,
H-delta,A,Hdelta,4101.74,Hdelta,,Hdelta,4101.7,Hdelta,4101.74,TP,4101.1709,,,,,,,,
Fe I 4108-10,C,,,,,,,Fe I,4108-10,TP,4109.6133,,,,,,,,
Fe I/Co I 4119,C,,,,,,,Fe I/Co I,4119,TP,4120.9067,,,,,,,,
Fe I/V I 4128,C,,,,,,,Fe I/V I,4128,TP,4129.7246,,,,,,,,
Fe I 4144,B,,,,,Fe I,4143.9,Fe I,4144,,4143.9658,,,,,,,,
Fe I 4154-57,B,,,,,Fe I,4154-57,Fe I,4154-57,,4154.0905,,,,,,,,
,,,,,,,,,,M,4162.5,,,,,,,,
,,,,Fe II/Ti II,4172-79,Fe I,4172-78,Fe I,4172-80,,4175.1215,,,,,,,,
,,,,,,,,,,,4185.9384,,,,,,,,
CN 4192-98,B,,,,,CN,4192-98,CN,4196,KP,4197.4102,,,,,,,,
Fe I 4202,B,,,,,Fe I,4202,Fe I,4202,KP,4203.667,,,,,,,,
Sr II 4216,B,,,Sr II,4216,Sr II,4215.5,Fe I/Sr II/CN,4216,,4215.8279,,,,,,,,
Ca I 4226,A,,,Ca I,4226,Ca I,4226.74,Ca I,4226.73,,4225.5656,,,,,,,,
Fe I 4234-36,B,,,,,Fe I,4234-36,Fe I,4236,,4235.7832,,,,,,,,
CH/Fe I 4250,C,,,,,CH/Fe I,4250,Fe I,4250,wide,4248.4751,,,,,,,,
,,,,,,Fe I,4260.486,Mn II,4260.48,,4259.7672,,,,,,,,
Fe I 4271,A,,,Fe I,4271,Fe I,4271.774,Fe I,4271-72,,4272.2809,,,,,,,,
Cr I 4290,C,,,,,Cr I,4289.729,,,,4289.6622,,,,,,,,
CH 4299-4313,B,,,,,CH,,CH,4299-4313,,4301.4882,,,,,,,,
,,,,,,CH,,CH,4299-4313,,4314.3872,,,,,,,,
CH/Fe I 4326,B,,,,,CH/Fe I,4325.775,Fe I/CH,4324-26,,4325.4602,,,,,,,,
H-gamma,A,Hgamma,4340.47,Hgamma,,Hgamma,4340.475,Hgamma,4340.47,,4339.9413,,,,,,,,
Mg I 4352,C,,,,,Mg I,4351.921,Fe II/Mg I/CH,4352,,4351.6137,,,,,,,,
Ni I 4360,C,,,,,Ni I,4359.6,,,M,4359.5,,,,,,,,
Fe I 4370,C,,,,,Fe I,4369.779,,,TP,4369.4448,,,,,,,,
Cr I/Sc II/Fe I 4374-76,C,,,,,Cr I/Sc II/Fe I,4374-76,Sc II/Fe I,4375-76,TP,4374.1934,,,,,,,,
Fe I 4383,A,,,Fe I,4383,Fe I,4383.557,Fe I,4383.55,,4385.0953,,,,,,,,
Ti II/Fe I 4395,C,,,,,Ti II/Fe I,4395,,,MSK,4393,,,,,,,,
,,,,,,,,,,,4398.5172,,,,,,,,
Fe I 4408,C,,,,,Fe I,4408.4,,,,4409.5229,,,,,,,,
,,,,Ti II,4417,Fe I,4415,Fe I,4415.13,,4416.5355,,,,,,,,
Fe I/Ca I 4430-34,C,,,,,Fe I/Ca I,4430-34,,,,4432.0213,,,,,,,,
Ti II 4444,B,,,Ti II,4444,Fe I/Ti II,4442-44,Fe I/Ti II,4442-44,,4443.5627,,,,,,,,
,,,,,,,,,,MSK,4450,,,,,,,,
Ni I/Fe I 4459,C,,,,,Ni I/Fe I,4459,,,TP,4459.5313,,,,,,,,
Ti II/Fe II 4469,C,,,,,Ti II/Fe II,4469,,,TP,4467.9917,,,,,,,,
Fe I 4482,C,,,Mg II,4481,Fe I,4482,Fe I,4482,,4481.9402,,,,,,,,
Fe I 4490,B,,,,,Fe I,4490,Fe I,4490,PK,4489.7969,,,,,,,,
Fe i 4495,B,,,,,Fe I,4494.6,Fe I,4494.57,PK,4493.6353,,,,,,,,
Ti II 4501,B,,,,,Ti II,4501.27,Ti II,4501.27,M,4500.5,,,,,,,,
,,,,,,,,,,,4508.775,,,,,,,,
,,,,,,,,,,M,4518,,,,,,,,
Fe I/Fe II 4523,C,,,,,Fe I/Fe II,4523,,,AW,4523.2837,,,,,,,,
Fe I 4529,C,,,,,Fe I,4528.6,Fe I/Ca I/Cr I,4526-29,AW,4528.6787,,,,,,,,
,,,,,,,,,,M,4543,,,,,,,,
Fe I/Ti I 4551-52,C,,,,,Fe I/Ti I,4551-52,,,AW,4552.1147,,,,,,,,
Fe I/Fe II 4556,C,,,,,Fe I/Fe II,4556,,,AW,4555.3999,,,,,,,,
Ti II 4564,B,,,,,Ti II,4563.76,Ti II,4563.76,,4564.1209,,,,,,,,
Ti II 4572,C,,,,,Ti II,4572,Ti II/Mg I,4572,,4573.3341,,,,,,,,
Ca I/Fe I 4582,C,,,,,Ca I/Fe I,4581.5,,,,4582.8811,,,,,,,,
,,,,,,,,,,,4591.6462,,,,,,,,
,,,,,,,,,,,4601.4179,,,,,,,,
Fe I 4619,C,,,,,Fe I,4619,,,,4618.138,,,,,,,,
,,,,,,,,,,TP,4630.1084,,,,,,,,
,,,,,,,,,,TP,4635.8208,,,,,,,,
Cr I/Fe I/Ni I 4646-49,C,,,,,,,Cr I/Fe I/Ni I,4646-49,,4647.6741,,,,,,,,
Fe I 4655,B,,,,,Fe I,4654.5,Fe I,4655,,4655.9742,,,,,,,,
Fe I 4668,B,,,,,Fe I,4668,Fe I/Ti I,4668,,4667.8743,,,,,,,,
Fe I 4679,C,,,,,,,Fe I,4679,,4680.993,,,,,,,,
Fe I/Ti I 4691,B,,,,,Fe I/Ti I,4691,Fe I/Ti I,4691,M,4691.5,,,,,,,,
Mg I 4703,B,,,,,Mg I,4703,Mg I,4703,M,4701,,,,,,,,
Fe I 4707-10,B,,,,,Fe I,4707-10,Fe I/Mn I,4707-10,,4707.8106,,,,,,,,
Ni I 4714,B,,,,,Ni I,4714.42,Ni I,4715,M,4715.5,,,,,,,,
,,,,,,,,,,PK,4730.1377,,,,,,,,
Fe I 4737,B,,,,,Fe I,4736.78,Fe I,4737,PK,4736.1431,,,,,,,,
Mn I/Ni I 4754-56,C,,,,,,,Mn I/Ni I,4754-56,M,4756,,,,,,,,
Mn I/Ni I 4762-64,C,,,,,Mn I/Ni I,4762-64,,,,4763.973,,,,,,,,
Fe I 4773,C,,,,,,,Fe I,4772.8,MK,4772,,,,,,,,
Mn I 4783,C,,,,,Mn I,4783,,,MK,4781,,,,,,,,
Ni I/Fe I 4787-90,C,,,,,Ni I/Fe I,4787-90,,,,4787.7435,,,,,,,,
Fe I/Ti I 4797-4800,C,,,,,,,Fe I/Ti I,4797-4800,MK,4800,,,,,,,,
Ti II 4805,C,,,,,Ti II,4805,,,,4805.9654,,,,,,,,
Mn I 4824,B,,,,,Mn I,4823.5,Mn I,4823.52,,4824.2606,,,,,,,,
,,,,,,,,,,AW,4835.3047,,,,,,,,
Fe I 4840,C,,,,,,,Fe I,4840,AW,4839.7026,,,,,,,,
Cr II 4848,C,,,,,,,Cr II,4848,M,4848.5,,,,,,,,
H-beta,A,Hbeta,4861.33,,,Hbeta,4861.342,Hbeta,4861.33,,4860.7617,,,,,,,,
Fe I 4871-72,B,,,,,Fe I,4871-72,Fe I,4872,,4872.3559,,,,,,,,
,,,,,,,,,,TP,4884.9829,,,,,,,,
Fe I 4891,B,,,,,Fe I,4891,Fe I,4891,TP,4890.1182,,,,,,,,
,,,,,,,,,,,4901.3263,,,,,,,,
Fe I 4910,C,,,,,,,Fe I,4910,,4911.0029,,,,,,,,
Fe I 4919-21,B,,,,,Fe I,4919-21,Fe I,4919,,4921.4964,,,,,,,,
Fe I/Ba II 4934,B,,,,,Fe I/Ba II,4934,Fe I/Ba II,4934,,4935.96,,,,,,,,
Fe I 4946,B,,,,,Fe I,4946.4,Fe I,4946.39,M,4946,,,,,,,,
Fe I 4957,B,,,,,Fe I,4957,Fe I,4957,,4957.2408,,,,,,,,
,,,,,,,,,,,4968.7719,,,,,,,,
Fe I/Ti I 4982-84,B,,,,,Fe I/Ti I,4982-84,Fe I/Ti I,4982-84,,4982.9979,,,,,,,,
,,,,,,,,,,,4992.6991,,,,,,,,
Fe I/Ti I 5002-07,B,,,,,Fe I/Ti I,5002-07,Fe I/Ti I,5000-06,wide,5004.014,,,,,,,,
Fe I/Fe II/Ti I 5012-18,B,,,,,Fe I/Fe II/Ti I,5012-18,Fe I/Fe II/Ti I,5012-18,wide,5016.0235,,,,,,,,
Fe I 5027-28,C,,,,,,,Fe I,5027-28,,5029.0358,,,,,,,,
,,,,,,Fe I/Ti I/Ni I,5035-41,Fe I,5041,,5039.3549,,,,,,,,
Fe I 5050-52,B,,,,,Fe I,5050-52,Fe I,5050,,5050.3265,,,,,,,,
Fe I 5069,C,,,,,Fe I,5068.77,,,,5068.874,,,,,,,,
Fe I/Ni I 5079-81,B,,,,,Fe I/Ni I,5079-81,Fe I/Ni I,5080,,5079.8438,,,,,,,,
Fe I 5097-99,B,,,,,Fe I,5097-99,Fe I,5099,,5098.8476,,,,,,,,
Fe I 5107-10,B,,,,,Fe I,5107-10,Fe I,5108-10,,5108.2735,,,,,,,,
Fe I 5124-25,B,,,,,Fe I,5124-25,Fe I,5125,AW,5125.6821,,,,,,,,
,,,,,,,,,,AW,5130.5034,,,,,,,,
Fe I 5139-42,B,,,,,Fe I,5139-42,Fe I,5139-42,,5139.1115,,,,,,,,
Fe I 5151-52,B,,,,,Fe I,5151-52,,,,5152.8874,,,,,,,,
Mg I 5167-73,A,Mg I,5167-73,,,Mg I,5167-72,Mg I,5167-72,,5168.7081,,,,,,,,
Mg I 5184,A,Mg I,5183.6,,,Mg I,5183.6,Mg I,5183.6,M,5186,,,,,,,,
Fe I 5192,C,,,,,Ti II/Ca I/Fe I,5189-92,Fe I,5192,M,5190.5,,,,,,,,
Fe I 5195,C,,,,,Fe I,5195,,,M,5195,,,,,,,,
Fe I/Cr I 5202-08,C,,,,,Fe I/Cr I,5202-8,Cr I,5206-08,,5205.2698,,,,,,,,
Fe I 5215-17,B,,,,,Fe I,5215-17,Fe I,5215-17,M,5216,,,,,,,,
Fe I 5227,B,,,,,Fe I,5227,Fe I,5227,TP,5226.6318,,,,,,,,
Fe I 5233,B,,,,,Fe I,5232.9,Fe I,5232.94,TP,5233.6797,,,,,,,,
Fe I 5250-51,C,,,,,,,Fe I,5250-51,M,5249.5,,,,,,,,
,,,,,,,,,,M,5253.5,,,,,,,,
Ca I/Cr I 562-64,C,,,,,Ca I/Cr I,5262-64,Ca I/Cr I/Fe I,5262-67,TSP,5264.4526,,,,,,,,
Fe I/Ca I 5267-70,C,,,,,Fe I/Ca I,5267-70,Ca I/Cr I/Fe I,5262-67,TSP,5267.1675,,,,,,,,
Fe I 5273,C,,,,,Fe I,5273,,,MWK,5273.5,,,,,,,,
Fe I 5282-84,B,,,,,Fe I,5282-84,Fe I,5282-84,M,5282.5,,,,,,,,
Cr I 5297-98,B,,,,,Cr I,5297-98,Cr I,5297-98,M,5297.5,,,,,,,,
Fe I 5302,C,,,,,Fe I,5302.3,,,M,5301.5,,,,,,,,
,,,,,,,,,,M,5306,,,,,,,,
Fe II 5317,C,,,,,Fe II,5316.6,,,,5316.2412,,,,,,,,
Fe I 5324-28,B,,,,,Fe I,5324-28,Fe I,5324-28,,5326.8774,,,,,,,,
,,,,,,,,,,,5337.3242,,,,,,,,
Cr I 5346-48,C,,,,,Cr I,5346-48,,,,5347.1137,,,,,,,,
Fe I/Fe II 5363-65,C,,,,,Fe I/Fe II,5363-65,,,KP,5364.0386,,,,,,,,
Fe I 5367-71,C,,,,,Fe I,5367-71,,,KP,5369.4854,,,,,,,,
,,,,,,,,,,,5381.0607,,,,,,,,
Fe I 5397,B,,,,,Fe I,5397.1,Fe I,5393-97,,5396.0847,,,,,,,,
Fe I 5404-06,B,,,,,Fe I,5404-06,Fe I,5405,wide,5405.8876,,,,,,,,
Fe I 5424,B,,,,,Fe I,5424,Fe I,5424.07,,5422.9466,,,,,,,,
Fe I 5430-34,B,,,,,Fe I,5430-34,Fe I,5429-34,,5432.5213,,,,,,,,
Fe I 5445-46,B,,,,,Fe I,5445-46,Fe I,5446,,5445.7894,,,,,,,,
Fe I 5456,B,,,,,Fe I,5455.6,Fe I,5455.6,,5454.6126,,,,,,,,
Fe I 5463,B,,,,,Fe I,5463,Fe I,5463,,5462.8945,,,,,,,,
Ni I 5477,B,,,,,Fe I/Ni I,5476-77,Ni I,5476.9,,5476.3139,,,,,,,,
,,,,,,,,,,MK,5490.5,,,,,,,,
Fe i 5498,C,,,,,Fe I,5497.5,,,MK,5496,,,,,,,,
Fe I 5501,C,,,,,Fe I,5501.48,,,MK,5500,,,,,,,,
Fe I 5507,C,,,,,Fe I,5506.8,,,,5507.9953,,,,,,,,
,,,,,,,,,,ATP,5526.5884,,,,,,,,
,,,,,,,,,,ATP,5533.666,,,,,,,,
Fe I 5544,C,,,,,,,Fe I,5544,,5544.4347,,,,,,,,
Fe I 5555,B,,,,,Fe I,5555,Fe I,5555,M,5554.5,,,,,,,,
Fe I 5564-66,C,,,,,Fe I,5564-66,,,AW,5565.5371,,,,,,,,
Fe I 5570-73,B,,,,,Fe I,5570-73,Fe I,5572.84,AW,5571.2988,,,,,,,,
Fe I/Ca I 5587-90,B,,,,,Fe I/Ca I,5587-90,Fe I/Ca I,5587-90,,5588.1139,,,,,,,,
Fe I/Ca I 5598-5601,C,,,,,Fe I/Ca I,5598-5601,,,,5599.8936,,,,,,,,
Fe I 5615,B,,,,,Fe I,5615.5,Fe I,5615.16,TP,5615.4448,,,,,,,,
Fe I 5625,B,,,,,Fe I,5624.5,Fe I,5624.5,TP,5623.9292,,,,,,,,
,,,,,,,,,,wide,5639.4503,,,,,,,,
Fe I 5659,B,,,,,Fe I,5659,Fe I,5659,,5658.4749,,,,,,,,
,,,,,,,,,,M,5666.5,,,,,,,,
Na I 5683-88,C,,,,,Na I,5683-88,,,wide,5684.8792,,,,,,,,
,,,,,,,,,,MSK,5700.5,,,,,,,,
,,,,,,,,,,,5708.4948,,,,,,,,
,,,,,,,,,,,5729.137,,,,,,,,
,,,,,,,,,,,5752.6455,,,,,,,,
,,,,,,,,,,,5761.352,,,,,,,,
,,,,,,,,,,,5771.6387,,,,,,,,
,,,,,,,,,,,5782.2773,,,,,,,,
,,,,,,,,,,M,5797,,,,,,,,
,,,,,,,,,,,5805.7201,,,,,,,,
,,,,,,,,,,M,5815.5,,,,,,,,
,,,,,,,,,,,5835.0084,,,,,,,,
Ca I 5857,B,,,,,Ca I,5857,Ca I,5857,,5855.2882,,,,,,,,
Na I 5890-96,A,Na I,5889.95,,,Na I,5889.97,Na I,5889.95,TSP,5889.8906,,,,,,,,
,,Na I,5895.92,,,Na I,5895.94,Na I,5895.92,TSP,5896.2266,,,,,,,,
Fe I 5914,C,,,,,Fe I,5914,,,wide,5915.4571,,,,,,,,
Fe I 5930,C,,,,,Fe I,5930,,,,5929.6398,,,,,,,,
,,,,,,,,,,wide,5946.5401,,,,,,,,
,,,,,,,,,,M,5957.5,,,,,,,,
,,,,,,,,,,,5967.5848,,,,,,,,
,,,,,,,,,,,5976.718,,,,,,,,
,,,,,,,,,,AW,5985.2007,,,,,,,,
,,,,,,,,,,AW,5990.0112,,,,,,,,
,,,,,,,,,,M,6007.5,,,,,,,,
Fe I/Mn I 6020-24,C,,,,,Fe I/Mn I,6020-24,,,wide,6022.648,,,,,,,,
,,,,,,,,,,,6043.9978,,,,,,,,
,,,,,,,,,,,6053.4703,,,,,,,,
Fe I 6065,C,,,,,Fe I,6065.49,,,,6064.9896,,,,,,,,
,,,,,,,,,,wide,6082.8921,,,,,,,,
Fe I/Ca I 6102-03,B,,,,,Fe I/Ca I,6102-03,Ca I,6102.72,,6102.3677,,,,,,,,
,,,,,,,,,,,6113.6408,,,,,,,,
Ca I 6122,B,,,,,Ca I,6122.226,Ca I,6122.22,,6122.2821,,,,,,,,
Fe I 6137-41,C,,,,,Fe I,6137-41,Fe I/Ni I,6137,wide,6139.4686,,,,,,,,
,,,,,,,,,,,6148.1072,,,,,,,,
Ca I 6162,B,,,,,Ca I,6162.18,Ca I,6162,,6161.7848,,,,,,,,
Ca I 6169,B,,,,,Ca I,6169,Ca I,6169.7,M,6169,,,,,,,,
,,,,,,,,,,M,6176,,,,,,,,
,,,,,,,,,,AW,6214.6025,,,,,,,,
,,,,,,,,,,AW,6218.9658,,,,,,,,
Fe I 6231,C,,,,,Fe I,6230.736,,,,6230.7759,,,,,,,,
,,,,,,,,,,TP,6239.1885,,,,,,,,
Fe I 6246,C,,,,,Fe I,6246.3,,,TP,6246.1929,,,,,,,,
Fe I 6252-54,C,,,,,Fe I,6252-54,,,M,6254,,,,,,,,
,,,,,,,,,,,6279.5796,,,,,,,,
,,,,,,Fe I,6301.5,,,,6300.6733,,,,,,,,
Fe I 6318,C,,,,,Fe I,6318,,,,6318.0913,,,,,,,,
Fe I 6335-37,C,,,,,Fe I,6335-37,,,,6336.3851,,,,,,,,
,,,,,,,,,,,6346.3414,,,,,,,,
,,,,,,,,,,TP,6361.2764,,,,,,,,
,,,,,,,,,,TP,6370.5103,,,,,,,,
,,,,,,,,,,,6383.9462,,,,,,,,
Fe I 6394,C,,,,,Fe I,6393.6,,,TP,6393.4521,,,,,,,,
Fe I 6400,C,,,,,Fe I,6400,,,TP,6399.897,,,,,,,,
Fe I 6408-12,C,,,,,Fe I,6408-12,,,TP,6409.7944,,,,,,,,
,,,,,,,,,,TP,6417.9121,,,,,,,,
Fe I 6431,C,,,,,Fe I,6430.85,,,TP,6432.1138,,,,,,,,
Ca I 6439,C,,,,,Ca I,6439.08,,,TP,6438.9941,,,,,,,,
,,,,,,,,,,TP,6456.7773,,,,,,,,
Ca I/Fe I 6463,C,,,,,Ca I/Fe I,6462.5,,,TP,6462.5117,,,,,,,,
,,,,,,,,,,,6473.943,,,,,,,,
,,,,,,,,,,,6482.8859,,,,,,,,
Ca I/Fe I/Ba II 6494-97,C,,,,,Ca I/Fe I/Ba II,6494-97,,,,6495.0167,,,,,,,,
,,,,,,,,,,,6516.6776,,,,,,,,
,,,,,,,,,,M,6526.5,,,,,,,,
,,,,,,,,,,M,6534.5,,,,,,,,
Fe I/Ti I 6546,C,,,,,Fe I/Ti I,6546.25,,,MK,6547,,,,,,,,
H-alfa,A,Halfa,6562.82,,,Halfa,6562.808,Halfa,6562.82,,6562.639,,,,,,,,
,,,,,,,,,,TP,6587.4014,,,,,,,,
Fe I 6593-94,C,,,,,Fe I,6593-94,,,TP,6593.6216,,,,,,,,
,,,,,,,,,,,6605.8236,,,,,,,,
,,,,,,,,,,M,6612.5,,,,,,,,
Fe I 6634,C,,,,,Fe I,6634,,,,6634.039,,,,,,,,
Ni I 6644,C,,,,,Ni I,6643.6,,,,6644.5209,,,,,,,,
Fe I 6663,C,,,,,Fe I,6663.45,,,,6664.1427,,,,,,,,
Fe I 6678,C,,,,,Fe I,6677.997,,,,6678.6743,,,,,,,,
Ca I 6718,C,,,,,Ca I,6717.687,,,,6717.8809,,,,,,,,