H-16,C,H16,3703.5,,,,,,,,,,,,,,3704.0703,,,,,,,,STRU1,Struve O. Swings P. Investigations of Typical Stellar Spectra With High Dispersion I
H-15,C,H15,3711.6,,,,,,,,,,,,,,3711.9911,,,,,,,,STRU2,Struve O. Swings P. The spectrum of Alfa 2 CVn
H-14,B,H14,3721.6,,,,,,,,,H14,3721.9,,,,3722.0641,,,,,,,,Buscombe,Spectrophotometry of early A-type stars
H-13,B,H13,3734,,,,,,,,,H13,3734.4,,,,3734.5516,,,,,,,,,
H-12,B,H12,3749.8,,,,,,,,,H12,3750.2,,,,3750.1596,,,,,,,,,
H-11,B,H11,3770.2,,,,,,,,,H11,3770.6,,,,3770.8598,,,,,,,,,
H-10,B,H10,3797.5,,,,,,,,,H10,3797.9,,,,3797.8962,,,,,,,,,
Fe II/Fe I 3814-16,C,,,,,,,,,,,Fe II/Fe I,3814-16,,,M,3814.65,,,,,,,,,
H-9,B,H9,3835,H9,,,,,,,,H9,3835.4,,,,3835.3349,,,,,,,,,
Si II 3854-56,B,,,,,Si II,3854-56,,,,,Si II,3854-56,,,M,3854.65,,,,,,,,,
,,,,,,Fe I,3865.5,,,,,Cr II,3866-68,,,,3866.3355,,,,,,,,,
H-8,A,H8,3888.6,H8,,,,,,H8,3889.05,H8,3889,,,,3889.067,,,,,,,,,
Fe I 3918-20,B,,,,,Fe I,3918-20,Fe I,3920.26,,,Mn II/Fe I,3818-20,,,M,3919.4,,,,,,,,,
Ca II 3934,A,Ca II,3934,Ca II K,,,,Ca II,3933.68,Ca II,3933.67,Ca II,3933.7,Ca II,3933.66,,3933.8734,,,,,,,,,
H$\epsilon$,A,Hepsilon,3970.07,Hepsilon,,,,,,Hepsilon/Ca II,3968-70,Hepsilon/Ca II,3969-70,Hepsilon,3970.07,,3970.0362,,,,,,,,,
Fe I/Fe II 4002-05,C,,,,,,,Fe I/Fe II/V II,4002-06,Fe II/V II,4002-06,Fe II/Fe I/Cr II,4002-05,Fe I/Fe II,4002-05,,4003.5115,,,,,,,,,
Ti II 4012,C,,,,,Ti II,4012.38,,,Ti II/Fe II/Cr II,4012.5,Cr II,4012.5,Cr II/Ti II,4012,,4012.6261,,,,,,,,,
Fe II 4024,B,,,,,,,Fe II/Ti II,4025,Fe II,4024.55,Fe II,4024.6,Fe II/V II,4023-24,TP,4024.7473,,,,,,,,,
Mn I 4030,B,,,Mn I,4030,,,Mn I,4030.77,Fe II,4031-33,Fe I,4030.5,Mn I,4031-36,TP,4031.2708,,,,,,,,,
Fe I 4046,A,,,Fe I,4046,,,Fe I,4045.81,Fe I,4045.81,Fe I,4045.8,Fe I,4045.82,TP,4046.1392,,,,,,,,,
Ti II 4054,C,,,,,Ti II,4053.82,,,Cr II/Ti II,4052-54,,,Ti II,4054,TP,4053.5593,,,,,,,,,
Fe I 4064,A,,,,,,,Fe I,4063.6,Fe I,4063.6,Fe I,4063.6,Fe I,4063.6,M,4064.13,,,,,,,,,
Fe I 4072,C,,,,,,,Fe I,4071.74,Fe I/Fe II/Cr II,4070-73,Fe I/Fe II/Cr II,4070-73,Fe I,4071.74,MSK,4071.27,,,,,,,,,
Sr II 4078,B,,,,,Sr II,4077.71,Sr II,4077.71,,,Si II/Cr II/Sr II,4075-78,Sr II,4077.71,MK,4076.51,,,,,,,,,
H$\delta$,A,Hdelta,4101.74,Hdelta,,,,,,Hdelta,4101.74,Hdelta,4101.8,Hdelta,4101.74,,4101.754,,,,,,,,,
Si II 4128-31,B,,,,,,,Si II/Fe II,4128-31,Si II,4128-31,Si II,4128-31,Si II,4128-31,,4128.2164,,,,,,,,,
Fe I/Cr II 4144-46,C,,,,,Fe I/Cr II,4144-46,Fe I,4143-44,,,Cr II,4145.8,Fe I,4143-44,,4145.3918,,,,,,,,,
,,,,,,,,,,,,,,,,M,4155.54,,,,,,,,,
Ti II/Fe II 4172-73,B,,,Fe II/Ti II,4172-79,Ti II/Fe II,4172-73,Ti II/Fe II,4172-73,Fe II,4173.4,Ti II/Fe II,4172-73,Fe II,4173,,4172.8109,,,,,,,,,
Fe II 4179,B,,,Fe II/Ti II,4172-79,Fe I/Fe II,4178-79,Fe II,4178.85,Fe II,4178-79,Fe II/Cr II,4179-80,Fe II,4179,M,4179.35,,,,,,,,,
Fe I 4187-88,A,,,,,,,Fe I,4187-88,Fe I,4187.8,Fe I,4187-88,Fe I,4187-88,M,4187.92,,,,,,,,,
Fe I 4199,B,,,,,,,Fe I,4199.1,,,,,Fe I,4198-99,PK,4199.1484,,,,,,,,,
Mn II 4206,B,,,,,,,Mn II,4206.38,,,Mn II,4206.4,,,PK,4206.0869,,,,,,,,,
Sr II 4216,A,,,,,,,Sr II,4215.52,Sr II,4215.52,Sr II,4215.5,Sr II,4215.52,,4216.7662,,,,,,,,,
,,,,,,,,,,,,Fe I,4224-27,Ca I,4226.73,,4225.2786,,,,,,,,,
Fe II 4233,B,,,Fe II,4233,Fe II,4233.16,Fe I,4234-36,Fe II,4233.17,Fe II/Fe I,4233-36,Fe II,4233.17,,4234.2676,,,,,,,,,
Fe I/Cr II 4251-54,C,,,,,,,Fe I/Cr II/Cr I,4251-54,Cr II,4252.62,Cr II,4251-53,Fe I,4250-51,TP,4252.5049,,,,,,,,,
Fe II/Cr II 4258-62,C,,,,,Fe II/Fe I/Cr II,4258-62,Fe I/Fe II/Cr II,4258-62,Fe II/Cr II,4258-62,Fe II/Cr II,4258-62,Fe II/Cr II,4258-62,TP,4260.46,,,,,,,,,
Fe I/Fe II 4271-73,B,,,Fe I,4271,Fe I/Fe II,4271-73,Fe I/Fe II,4271-73,Fe II,4273.3,Fe I/Fe II,4172-73,Fe I,4271-72,,4272.6757,,,,,,,,,
,,,,,,,,Fe I/Ca I/Cr II,4282-84,Cr II,4284.2,Fe II/Cr II,4282-84,,,,4283.7886,,,,,,,,,
Ti II 4290,B,,,,,Ti II,4290.21,Ti II,4290.23,Ti II,4290.23,,,,,M,4290.76,,,,,,,,,
Ti II/Fe II 4300-03,C,,,,,,,Ti II,4300-03,Ti II/Fe II,4300-03,Ti II/Fe II,4300-03,,,,4301.041,,,,,,,,,
Ti II/Fe I 4308,B,,,,,Ti II/Fe I,4307.9,,,Ti II/Fe I,4307.9,Fe I,4307.9,Ti II,4307.9,,4308.1336,,,,,,,,,
,,,,,,Ti II/Fe I,4312-15,,,Ti II/Fe II/Fe I/Sc II,4313-15,Ti II/Fe II,4313-15,Sc II/Ti II,4314,M,4314.08,,,,,,,,,
H$\gamma$,A,Hgamma,4340.47,Hgamma,,,,,,Hgamma,4340.46,Hgamma,4340.6,Hgamma,4340.47,,4340.5916,,,,,,,,,
Ti II/Fe II 4368-69,B,,,,,,,Ti II/Fe II,4368-69,Ti II/Fe II,4368-69,Ti II/Fe II,4368-69,Ti II,4367.65,,4368.3267,,,,,,,,,
Sc II/Ti II 4375,C,,,,,,,Sc II/Y II,4374-75,Sc II/Ti II,4374.5,Ti II,4374.8,Sc II/Ti II,4375,MK,4375.02,,,,,,,,,
Fe I/Fe II 4383-85,B,,,Fe I,4383,,,Fe I/Fe II/Mg II,4384-85,Fe I/Fe II/Mg II,4384-85,Fe I/Fe II,4384-85,Fe I/Fe II,4383-85,,4384.9064,,,,,,,,,
Ti II 4395,B,,,Fe II/Ti II,4395-4400,,,Ti II,4394-96,Ti II,4395.04,Ti II,4395-96,Ti II,4395,,4394.2484,,,,,,,,,
Fe I 4405,B,,,,,,,Fe I,4404.75,Fe I,4404.75,Fe I,4404-8,,,,4405.2207,,,,,,,,,
Fe II/Ti II 4417-18,B,,,,,Fe I/Fe II/Ti II,4415-18,Fe II/Ti II,4417-18,Fe II,4416.82,Fe II/Ti II,4417-18,Fe II,4416.8,,4416.8517,,,,,,,,,
,,,,,,,,,,,,,,,,,4431.6082,,,,,,,,,
Ti II 4444,A,,,,,,,Ti II,4443.8,Ti II,4443.8,Ti II,4443.8,Ti II,4444,,4443.9923,,,,,,,,,
Ti II/Fe II 4450-52,C,,,,,,,Ti II,4450.49,Ti II/Fe II,4450-52,,,Ti II/Fe II,4451,M,4450.72,,,,,,,,,
Fe II 4456,C,,,,,,,Fe II,4455.6,Fe II,4455.26,,,,,M,4456.91,,,,,,,,,
Fe I 4462,B,,,,,,,Fe I,4461.65,Fe I,4461.65,Fe I,4461.7,,,M,4461.2,,,,,,,,,
Ti II 4468,B,,,,,,,Ti II,4468.49,Ti II,4468.5,Ti II,4468.5,Ti II,4468.6,,4469.5186,,,,,,,,,
Mg II 4481,A,,,Mg II,4481,,,Mg II,4481.3,Mg II,4481.3,Mg II,4481.3,Mg II,4481,,4481.3687,,,,,,,,,
Fe II 4489-91,A,,,,,,,Fe II,4489-91,Fe II,4489-91,Fe II,4489-91,Fe II,4489-91,,4490.0517,,,,,,,,,
Ti II 4501,A,,,,,,,Ti II,4501.27,Ti II,4501.27,Ti II,4501.2,Ti II,4501.27,,4500.8728,,,,,,,,,
Fe II 4508,A,,,,,,,Fe II,4508.28,Fe II,4508.28,Fe II,4508.3,Fe II,4508,,4507.861,,,,,,,,,
Fe II 4515,A,,,,,,,Fe II,4515.34,Fe II,4515.34,Fe II,4515.3,Fe II,4515.51,,4515.0667,,,,,,,,,
Fe II 4520-23,B,,,,,,,Fe II,4520-23,,,,,Fe II,4520-23,,4523.2637,,,,,,,,,
Fe II/Ti II 4534,B,,,,,Fe I/Fe II/Ti II,4534,,,Ti II/Fe II/Mg II,4534.04,Fe II,4534.2,Fe II,4534,,4533.4374,,,,,,,,,
Fe II 4542,B,,,,,,,Fe II,4541.52,Fe II,4541.52,Cr II/Fe II,4540-42,Fe II,4542,,4541.4285,,,,,,,,,
Fe II/Ti II 4550,C,,,,,,,,,Fe II/Ti II,4549.5,Fe II,4549.5,Fe II/Ti II,4550,TP,4549.5664,,,,,,,,,
Fe II/Cr II 4555-59,B,,,,,,,Fe II/Cr II,4556-59,Cr II/Fe II,4555-59,Cr II/Fe II,4555-59,Fe II,4556,TP,4556.7559,,,,,,,,,
Ti II 4564,B,,,,,Ti II,4563.76,Ti II,4563.77,Ti II,4563.77,Cr II,4565.8,,,,4564.6514,,,,,,,,,
Ti II 4572,A,,,,,,,Ti II,4571.97,Ti II,4571.98,Ti II,4572,Ti II,4571.97,,4571.9187,,,,,,,,,
Fe II 4583-84,B,,,,,,,Fe II,4583-84,Fe II,4583.83,Fe II,4583-84,Fe II,4583.8,TP,4583.3076,,,,,,,,,
Cr II 4588-92,B,,,,,,,Cr II,4588-92,Cr II/Ti II,4588-92,Cr II,4588-92,Cr II,4588,TP,4589.6431,,,,,,,,,
,,,,,,,,,,,,,,,,MK,4600.7,,,,,,,,,
Cr II 4617-19,B,,,,,,,Cr II,4617-19,Cr II/Fe II,4617-21,Cr II,4617-19,Cr II,4617-19,,4618.6717,,,,,,,,,
Fe II 4629,A,,,,,,,Fe II,4629.34,Fe II,4629.34,Fe II,4629.3,Fe II,4629.3,,4629.1812,,,,,,,,,
Cr II/Fe II 4634-35,A,,,,,,,Cr II/Fe II,4634-35,Cr II/Fe II,4634-35,Cr II/Fe II,4634-35,Cr II/Fe II,4634-35,,4634.3916,,,,,,,,,
,,,,,,,,,,,,,,,,,4647.8293,,,,,,,,,
Fe II 4657,C,,,,,,,,,Fe II/Ti II,4657,Fe II,4657,,,M,4656.4,,,,,,,,,
Fe II 4667,B,,,,,,,Fe II,4666.75,Fe II,4666.75,Fe II,4666.8,Fe II/Cr I,4667,,4667.862,,,,,,,,,
Fe II 4670,C,,,,,,,,,Fe II/Sc II,4670,Fe II,4670.2,,,,4699.3768,,,,,,,,,
Fe II 4731,B,,,,,Fe II,4731.44,,,Fe II,4731.44,,,,,,4729.8187,,,,,,,,,
,,,,,,,,,,,,,,,,,4737.9767,,,,,,,,,
,,,,,,,,,,,,,,,,,4755.5715,,,,,,,,,
,,,,,,,,,,,,,,,,,4764.988,,,,,,,,,
Ti II 4805,C,,,,,,,,,Ti II,4805.1,,,Ti II,4806,,4805.139,,,,,,,,,
,,,,,,,,,,,,,,,,,4812.8173,,,,,,,,,
Cr II 4824,B,,,,,,,,,Cr II,4824.13,,,Cr II,4824.13,,4825.1913,,,,,,,,,
H$\beta$,A,Hbeta,4861.33,,,,,,,Hbeta,4861.33,,,Hbeta,4861.33,,4861.3856,,,,,,,,,
Cr II 4884,C,,,,,,,,,Cr II,4884.57,,,,,MK,4884.93,,,,,,,,,
Fe I 4892,B,,,,,Fe I,4891.49,,,,,,,Fe I,4891.5,MSK,4891.59,,,,,,,,,
,,,,,,,,,,,,,,,,,4901.5719,,,,,,,,,
Ti II 4911,C,,,,,Ti II/Fe II,4911-13,,,Ti II,4911.18,,,,,,4911.7965,,,,,,,,,
Fe II 4924,B,,,,,Fe II,4923.92,,,Fe II,4923.92,,,Fe II,4923.92,,4922.6658,,,,,,,,,
Fe I 4934,C,,,,,Fe I,4934,,,,,,,Fe I/Ba II,4934,KP,4934.5967,,,,,,,,,
,,,,,,,,,,,,,,,,KP,4939.2388,,,,,,,,,
,,,,,,,,,,,,,,,,TSP,4952.105,,,,,,,,,
Fe I 4958,B,,,,,Fe I,4957.6,,,Fe I,4957.61,,,Fe I,4957,TSP,4957.8477,,,,,,,,,
Fe II 4985,C,,,,,,,,,Fe II,4984.56,,,,,,4984.3482,,,,,,,,,
,,,,,,,,,,,,,,,,,4991.2856,,,,,,,,,
,,,,,,,,,,,,,,Fe I/Fe II,5002,AW,5002.8818,,,,,,,,,
,,,,,,,,,,,,,,,,AW,5006.6436,,,,,,,,,
Fe II 5018,B,,,,,,,,,Fe II,5018.43,,,Fe iI,5018.44,,5019.4262,,,,,,,,,
Fe I/Fe II 5036,C,,,,,Fe I/Fe II,5035.7,,,Fe II,5036-37,,,,,M,5036.33,,,,,,,,,
Si II 5041,B,,,,,Si II,5041,,,Si II,5041.13,,,Si II,5041.02,MK,5042.52,,,,,,,,,
Si II 5056,B,,,,,Si II,5056,,,Si II,5056.17,,,Si II,5056,M,5057.28,,,,,,,,,
,,,,,,,,,,,,,,,,KP,5067.9106,,,,,,,,,
Fe II 5076,C,,,,,,,,,Fe II,5075.83,,,,,KP,5074.2456,,,,,,,,,
Fe II/Cr II 5097-5101,C,,,,,,,,,Fe II/Cr II,5097-5101,,,Fe II,5101,,5099.4713,,,,,,,,,
Fe II/Ti II 5128-29,C,,,,,,,,,Fe II/Ti II,5128-29,,,,,,5127.7778,,,,,,,,,
,,,,,,,,,,,,,,,,,5140.06,,,,,,,,,
,,,,,,,,,,,,,,,,AW,5150.5254,,,,,,,,,
,,,,,,,,,,,,,,,,AW,5153.7549,,,,,,,,,
Fe II/Mg I 5167-73,B,,,,,Fe II/Mg I,5167-73,,,Fe II,5169.03,,,Mg I,5167-73,,5169.3377,,,,,,,,,
,,,,,,,,,,,,,,,,M,5179.16,,,,,,,,,
Mg I 5184,C,,,,,,,,,Mg I/Ti II,5184-86,,,Mg I,5184,,5185.1672,,,,,,,,,
,,,,,,,,,,,,,,,,AW,5192.8516,,,,,,,,,
Fe II 5198,B,,,,,,,,,Fe II,5197.57,,,Fe II,5197.58,AW,5196.437,,,,,,,,,
Fe II 5217,C,,,,,,,,,Fe II,5216.93,,,,,,5216.3571,,,,,,,,,
,,,,,,Fe II,5227,,,,,,,Ti II/Fe I,5227,,5227.341,,,,,,,,,
Fe II 5235,C,,,,,Fe II/Cr II,5233-37,,,Fe II,5234.62,,,Fe II,5235,,5235.5185,,,,,,,,,
,,,,,,,,,,,,,,,,,5249.3916,,,,,,,,,
Fe II 5265,C,,,,,,,,,Fe II,5264.8,,,,,,5265.1441,,,,,,,,,
Fe II 5276,B,,,,,,,,,Fe II,5275.99,,,Fe II,5276,,5276.2331,,,,,,,,,
,,,,,,,,,,,,,,,,,5298.5635,,,,,,,,,
,,,,,,,,,,,,,,,,,5307.1772,,,,,,,,,
Fe II 5317,B,,,,,,,,,Fe II,5316.7,,,Fe II,5317,,5316.7176,,,,,,,,,
,,,,,,,,,,,,,,,,,5328.2903,,,,,,,,,
,,,,,,,,,,,,,,,,,5338.3584,,,,,,,,,
,,,,,,,,,,,,,,,,,5346.9496,,,,,,,,,
,,,,,,,,,,,,,,,,M,5355.32,,,,,,,,,
Fe II 5363,B,,,,,Fe II,5363,,,Fe II,5362.86,,,,,KP,5364.4985,,,,,,,,,
Fe I 5370-71,C,,,,,Fe I,5370-71,,,,,,,,,KP,5370.7305,,,,,,,,,
,,,,,,,,,,,,,,,,,5397.4742,,,,,,,,,
,,,,,,,,,,,,,,,,,5445.8206,,,,,,,,,
Fe I 5456,C,,,,,Fe I,5455.6,,,,,,,,,,5456.742,,,,,,,,,
Fe II 5467,C,,,,,,,,,Fe II,5466.95,,,,,,5466.2528,,,,,,,,,
Cr II 5478,C,,,,,,,,,Cr II,5478.35,,,,,,5478.6805,,,,,,,,,
Cr II 5502-03,C,,,,,,,,,Cr II,5502-03,,,,,TSP,5504.5054,,,,,,,,,
Cr II 5509-11,C,,,,,,,,,Cr II,5509-11,,,,,TSP,5510.2021,,,,,,,,,
,,,,,,,,,,,,,,,,TSP,5530.5586,,,,,,,,,
Fe II 5535,C,,,,,,,,,Fe II,5534.86,,,,,TSP,5535.7163,,,,,,,,,
,,,,,,,,,,,,,,,,,5545.8459,,,,,,,,,
,,,,,,Cr II,5586.86,,,Fe I,5586.76,,,,,,5587.6155,,,,,,,,,
Na I 5890 (is),A,Na I,5890,,,,,,,,,,,Na I,5889,TP,5890.2231,,,,,,,,,
Na I 5896 (is),A,Na I,5896,,,,,,,,,,,Na I,5896,TP,5900.5283,,,,,,,,,
,,,,,,,,,,,,,,,,KP,5912.3862,,,,,,,,,
,,,,,,,,,,,,,,,,KP,5921.4946,,,,,,,,,
,,,,,,,,,,,,,,,,,5932.9321,,,,,,,,,
,,,,,,,,,,,,,,,,TSP,5943.2729,,,,,,,,,
,,,,,,,,,,,,,,,,TSP,5948.0366,,,,,,,,,
Telluric $H_2O$/Si II 5958,C,,,,,,,,,Telluric/Si II,5957.61,,,,,telluric?,5958.9541,,,,,,,,,
,,,,,,,,,,,,,,,,telluric?,5968.9242,,,,,,,,,
Telluric $H_2O$/Fe II 5991,C,,,,,,,,,Si II,5978.97,,,,,telluric?,5978.006,,,,,,,,,
,,,,,,,,,,Telluric/Fe II,5991.38,,,,,telluric?,5990.3133,,,,,,,,,
,,,,,,,,,,,,,,,,,6069.8293,,,,,,,,,
,,,,,,,,,,,,,,,,,6103.8397,,,,,,,,,
Fe II 6148-49,C,,,,,,,,,Fe II,6148-49,,,,,,6149.2912,,,,,,,,,
O I 6158,C,,,,,,,,,O I,6158.2,,,,,,6159.2369,,,,,,,,,
,,,,,,,,,,,,,,,,,6178.4165,,,,,,,,,
Fe II 6240,C,,,,,,,,,Fe II,6239.95,,,,,,6239.5842,,,,,,,,,
Fe II 6248,C,,,,,,,,,Fe II,6247.56,,,,,,6248.1786,,,,,,,,,
"Telluric $O_2$",A,,,,,,,,,,,,,,,telluric?,6279.5677,,,,,,,,,
,,,,,,,,,,,,,,,,,6318.5592,,,,,,,,,
Si II 6347,C,,,,,,,,,Si II,6347.1,,,,,,6348.2474,,,,,,,,,
Si II 6371,C,,,,,,,,,Si II,6371.36,,,,,,6371.6534,,,,,,,,,
Fe II 6239,C,,,,,,,,,Fe II,6383.75,,,,,,6383.8242,,,,,,,,,
Fe II 6417,C,,,,,,,,,Fe II,6416.9,,,,,,6417.5226,,,,,,,,,
Fe II 6433,C,,,,,,,,,Fe II,6432.65,,,,,,6433.22,,,,,,,,,
,,,,,,,,,,,,,,,,MK,6446.06,,,,,,,,,
Fe II/O I 6456,C,,,,,,,,,Fe II/O I,6456,,,,,,6458.4787,,,,,,,,,
,,,,,,,,,,,,,,,,telluric?,6476.5786,,,,,,,,,
,,,,,,,,,,,,,,,,telluric?,6483.8223,,,,,,,,,
,,,,,,,,,,,,,,,,telluric?,6493.1727,,,,,,,,,
,,,,,,,,,,,,,,,,telluric?,6517.3607,,,,,,,,,
,,,,,,,,,,,,,,,,telluric?,6535.57,,,,,,,,,
H$\alpha$,A,Halfa,6562.82,,,,,,,Halfa,6562.82,,,Halfa,6562,,6563.0071,,,,,,,,,