H-14,B,H14,3721.6,,,,,,,H14,3721.9,,,,,,,,,,3721.9209,,,,,,,Walborn - Atlas of yellow red OB spectra
H-13,B,H13,3734,,,,,,,H13,3734.4,H13,3734.4,,,,,,,,3734.3843,,,,,,,Hack 1 - Lo spettro di Zeta Tauri I
H-12,B,H12,3749.8,,,,,,,H12,3750.1,H12,3750.2,,,,,,,,3750.2486,,,,,,,Righini Mannino - Studio di phi persei
H-11,B,H11,3770.2,,,,,,,H11,3770.6,H11,3770.6,,,,,,,,3770.7179,,,,,,,Underhill - The spectrum of gamma pegasi
H-10,B,H10,3797.5,,,,,,,H10,3797.9,H10,3797.9,,,,,,,,3797.921,,,,,,,Marshall - The visual region of the spectra of early-type stars
He I 3820,B,,,,,He I,3819.6,,,He I,3819.6,He I,3819.6,,,,,,,,3820.0443,,,,,,,
H-9,A,H9,3835,H9,,,,,,H9,3835.4,H9,3835.4,,,,,H9,3835.38,,3835.4577,,,,,,,
Si II 3856,C,,,,,Si II,3854-56,,,Si II,3856,,,,,,,,,MW,3854.65,,,,,,,
He I 3868-72,B,,,,,He I,3868-72,,,Ne III/He I,3869-72,He I,3868-72,,,,,,,MK,3868.93,,,,,,,
H-8,A,H8,3888.6,H8,,,,,,H8,3889,H8,3889,,,,,H8,3889.05,,3889.1596,,,,,,,
He I 3927,B,,,,,,,,,He I,3926.5,He I,3926.5,,,,,He I,3926.53,,3926.3079,,,,,,,
Ca II 3934,C,,,,,Ca II,3933.66,,,Ca II,3933.7,,,,,,,,,MK,3932.73,,,,,,,
H$\epsilon$,A,Hepsilon,3970.07,Hepsilon,,,,Hepsilon,3970.07,Hepsilon,3970.1,Hepsilon,3970.1,,,,,Hepsilon,3970.07,,3970.2167,,,,,,,
He I 4009,A,,,He I,4009,,,He I,4009.27,He I,4009.3,He I,4009.3,,,,,He I,4009.27,,4009.4474,,,,,,,
He I 4026,A,,,He I,4026,,,He I,4026.2,He I,4026.2,He I,4026.3,,,,,He I,4025.5,,4026.4683,,,,,,,
,,,,,,C II,4075-77,O II,4075.87,O II/Si II,4076,C II/O II,4075-76,,,,,C III/O II,4068-76,MK,4076.51,,,,,,,
H$\delta$,A,Hdelta,4101.74,,,,,Hdelta,4101.74,Hdelta,4101.7,Hdelta,4101.7,,,,,Hdelta,4101.74,,4102.0878,,,,,,,
He I 4121,A,,,He I,4121,,,He I,4120.86,He I,4120.8,He I,4120.9,,,,,He I,4120.81,M,4120.31,,,,,,,
Si II 4128-31,B,,,Si II,4128-30,Si II,4128-31,Si II,4128-31,Si II/Fe II,4128-31,,,,,,,,,,4130.0169,,,,,,,
He I 4144,A,,,He I,4144,,,He I,4143.76,He I,4143.8,He I,4144,,,,,He I,4143.76,,4144.4068,,,,,,,
He I 4169,A,,,,,,,He I,4168.97,He I,4168.97,He I,4169,,,,,He I,4168.97,,4169.7133,,,,,,,
C II 4267,B,,,C II,4267,C II,4267,C II,4267.18,,,,,,,,,C II,4267.27,,4268.1183,,,,,,,
H$\gamma$,A,Hgamma,4340.47,Hgamma,,,,Hgamma,4340.47,Hgamma,4340.5,Hgamma,4340.5,,,,,Hgamma,4340.47,,4340.8652,,,,,,,
He I 4387,A,,,He I,4387,,,He I,4387.93,He I,4387.9,,,,,,,He I,4387.9,,4388.586,,,,,,,
He I 4438,B,,,,,,,He I,4437.62,He I,4438,,,,,,,He I,4437.55,,4437.9877,,,,,,,
He I 4471,A,,,He I,4471,,,He I,4471.51,He I,4471.5,He I,4471.6,,,,,He I,4471.48,,4471.708,,,,,,,
Mg II 4481,A,,,Mg II,4481,,,Mg II,4481.24,Mg II,4481.3,,,,,,,Mg II,4481.13,M,4482.15,,,,,,,
Si III 4552,C,,,Si III,4552,Si III,4552.6,,,,,,,,,,,Si III,4552.65,,4552.248,,,,,,,
He I 4713,B,,,,,,,He I,4713.23,He I,4713,,,,,,,He I,4713.15,,4713.5474,,,,,,,
,,,,,,,,,,,,,,,,,,,,,4739.5691,,,,,,,
S II 4815,C,,,,,S II,4815.55,,,,,,,,,,,,,M,4814.94,,,,,,,
H$\beta$,A,Hbeta,4861.33,,,,,Hbeta,4861.33,Hbeta,4861.3,,,,,Hbeta,4861.33,Hbeta,4861.33,,4861.3047,,,,,,,
He I 4922,A,,,,,,,He I,4921.93,He I,4921.9,,,,,He I,4921.93,He I,4921.93,,4922.0471,,,,,,,
He I 5016,A,,,,,,,He I,5015.68,He I,5015.68,,,,,He I,5015.68,He I,5015.68,,5015.8518,,,,,,,
S II/Fe II 5032-36,C,,,,,S II/Fe II,5032-36,,,,,,,,,,,,,AW,5037.4766,,,,,,,
He I 5048,B,,,,,He I,5047.7,He I,5047.74,He I,5047.73,,,,,He I,5047.74,He I,5047.74,AW,5044.8062,,,,,,,
Si II 5056,C,,,,,Si II,5055.9,,,,,,,,,,,,,,5056.6633,,,,,,,
S II 5429-33,C,,,,,S II,5429-33,,,,,,,,,,,,,,5433.9175,,,,,,,
S II 5454,C,,,,,S II,5453.83,,,,,,,,,,,,,M,5457.2,,,,,,,
,,,,,,S II,5639.97,,,,,,,,,C II,5640.5,,,AW,5640.4609,,,,,,,
,,,,,,S II,5647.03,,,,,,,,,C II,5648.08,,,AW,5646.6777,,,,,,,
,,,,,,,,,,,,,,,,,,,,TP,5689.2749,,,,,,,
,,,,,,,,,,,,,,,,,,,,TP,5699.6719,,,,,,,
,,,,,,,,,,,,,,,,,,,,M,5720.96,,,,,,,
,,,,,,,,,,,,,,,,,,,,M,5729.53,,,,,,,
Si III 5739,C,,,,,,,,,,,,,,,,,Si III,5739,M,5737.62,,,,,,,
,,,,,,,,,,,,,,,,,,,,M,5745.62,,,,,,,
He I 5876,A,,,,,,,,,He I,5876,,,He I,5876,He I,5875.62,He I,5876,,5876.918,,,,,,,
Na I 5890 (is),A,Na I ,5890,,,,,,,Na I,5890,,,Na I (is),5890,,,Na I,5889,,5890.3761,,,,,,,
Na I 5896 (is),A,Na I ,5896,,,,,,,Na I,5896,,,Na I (is),5896,,,Na I,5896,,5899.9151,,,,,,,
,,,,,,,,,,,,,,,,,,,,telluric?,5911.4,,,,,,,
,,,,,,,,,,,,,,,,,,,,telluric?,5920.8551,,,,,,,
,,,,,,,,,,,,,,,,,,,,telluric?,5934.25,,,,,,,
,,,,,,,,,,,,,,,,,,,,telluric?,5945.3082,,,,,,,
,,,,,,,,,,,,,,,,,,,,telluric?,5958.6903,,,,,,,
,,,,,,,,,,,,,,,,,,,,telluric?,5968.9712,,,,,,,
,,,,,,,,,,,,,,,,,,,,telluric?,5977.8977,,,,,,,
,,,,,,,,,,,,,,,,,,,,telluric?,5990.1095,,,,,,,
,,,,,,Ne I,6096.17,,,,,,,,,C II,6095-98,,,M,6096.13,,,,,,,
Ne I 6143,C,,,,,Ne I,6143.06,,,,,,,,,,,,,M,6144.21,,,,,,,
,,,,,,,,,,,,,,,,,,,,M,6157.64,,,,,,,
Telluric $O_2$,A,,,,,,,,,,,,,Telluric O2,6277,,,,,telluric?,6279.9296,,,,,,,
,,,,,,,,,,,,,,,,,,,,telluric?,6294.9881,,,,,,,
,,,,,,,,,,,,,,,,,,,,,6318.5447,,,,,,,
Si II 6347,C,,,,,Si II,6347.1,,,,,,,,,,,,,,6348.0732,,,,,,,
Si II 6371,C,,,,,Si II,6371.36,,,,,,,,,,,,,,6372.6822,,,,,,,
Ne I 6383,C,,,,,Ne I,6382.99,,,,,,,,,Ne I,6382.99,,,M,6385.12,,,,,,,
Ne I 6402,C,,,,,Ne I,6402.25,,,,,,,,,Ne I,6402.25,,,,6403.69,,,,,,,
,,,,,,,,,,,,,,,,,,,,telluric?,6476.9136,,,,,,,
,,,,,,,,,,,,,,,,,,,,telluric?,6485.58,,,,,,,
,,,,,,,,,,,,,,,,,,,,telluric?,6493.67,,,,,,,
,,,,,,,,,,,,,,,,,,,,telluric?,6517.933,,,,,,,
,,,,,,,,,,,,,,,,,,,,telluric?,6535.3639,,,,,,,
H$\alpha$,A,Halfa,6563,,,,,,,Halfa,6562.8,,,Halfa,6563,Halfa,6562.82,Halfa,6562.82,,6563.8935,,,,,,,
He I 6678,A,,,,,,,,,,,,,,,,,He I,6678.15,,6679.63,,,,,,,