H-14,B,H-14,3721.6,,,,,,,,,,,,3722.1769,,,,
H-13,B,H-13,3734,,,,,,,,,,,,3734.9696,,,,
H-12,B,H-12,3749.8,,,,,,,,,,,,3750.2598,,,,
H-11,B,H-11,3770.2,,,,,,,,,,,,3770.8457,,,,
H-10,B,H-10,3797.5,,,,,,,,,,,,3797.9802,,,,
,,,,,,,,,,,,,,MSK,3819.16,,,,
H-9,A,H-9,3835,H-9,,,,,,,,,,,3835.4755,,,,
H-8,A,H-8,3888.6,H-8,,H8,3889.05,,,,,,,,3889.2086,,,,
CA II 3934,A,Ca II,3934,Ca II K,,Ca II,3933.67,,,,,Ca II,3933.66,,3933.7196,,,,
H$\epsilon$,A,H-epsilon,3970.07,H-epsilon,,Hepsilon,3970.08,,,,,Hepsilon,3970.07,,3970.1797,,,,
,,,,,,,,,,,,,,,4011.4132,,,,
He I 4026,A,,,He I,4026,He I,4026.19,,,,,He I,4025.5,,4026.5081,,,,
Fe II/Cr II 4049,C,,,,,Fe II/Cr II,4048.9,,,,,,,,4048.1577,,,,
,,,,,,,,,,,,,,MK,4074.36,,,,
H$\delta$,A,H-delta,4101.74,H-delta,,Hdelta,4101.74,,,,,Hdelta,4101.74,,4101.8845,,,,
Si II 4128-31,A,,,Si II,4128-30,Si II,4128-31,,,,,Si II,4128-31,MK,4129.31,,,,
He I 4144,A,,,He I,4144,He I,4143.76,,,,,He I,4143.76,,4144.8943,,,,
Fe II 4173-79,B,,,,,Fe II,4173-78,,,,,Fe II,4172-78,,4176.2277,,,,
Mn I 4207,C,,,,,,,,,,,Mn I,4207.23,M,4207.21,,,,
Fe II 4233,B,,,,,Fe II,4233.17,,,,,Fe II,4233-34,,4233.7673,,,,
H$\gamma$,A,H-gamma,4340.47,H-gamma,,Hgamma,4340.46,,,,,Hgamma,4340.47,,4340.7215,,,,
He I 4388,A,,,He I,4387,He I,4387.9,,,,,He I,4387.9,,4387.5787,,,,
Fe II 4416,C,,,,,Fe II,4416.82,,,,,,,,4417.5772,,,,
Ti II 4444,C,,,,,Ti II,4443.8,,,,,,,TSP,4444.7959,,,,
Ti II 4450,C,,,,,Ti II,4450.49,,,,,,,TSP,4450.8413,,,,
He I 4471,A,,,He I,4471,He I,4471.5,,,,,He I,4471.48,TP,4471.792,,,,
Mg II 4481,A,,,Mg II,4481,Mg II,4481.33,,,,,Mg II,4481.33,TP,4481.3457,,,,
Fe II 4520-23,B,,,,,Fe II,4520-23,,,,,Fe II,4522.63,,4522.2512,,,,
Fe II 4550,C,,,,,Fe II/Ti II,4549.5,,,,,Fe II,4549,AW,4550.3501,,,,
Fe II/Cr II 4555-59,C,,,,,Fe II/Cr II,4555-59,,,,,,,AW,4555.4199,,,,
Fe II 4584,B,,,,,Fe II,4583.83,,,,,Fe II,4583.99,M,4583.79,,,,
Cr II/Fe II 4617-21,C,,,,,Cr II/Fe II,4617-21,,,,,,,M,4620.59,,,,
Fe II 4629,C,,,,,Fe II,4629.34,,,,,Fe II,4629.34,wide,4631.1925,,,,
H$\beta$,A,H-beta,4861.33,,,Hbeta,4861.33,Hbeta,4861.33,,,Hbeta,4861.33,,4861.521,,,,
,,,,,,,,,,,,,,M,4912.58,,,,
Fe II 4924,A,,,,,Fe II,4923.92,Fe II,4923.92,,,Fe II,4923.92,,4923.1742,,,,
,,,,,,,,,,,,,,M,4954.16,,,,
Fe II 5018,B,,,,,Fe II,5018.43,Fe II,5018.44,,,,,,5019.0303,,,,
Ni I 5036,C,,,,,,,Ni I,5035.98,,,,,M,5035.88,,,,
Fe II 5101,C,,,,,Fe II,5101,,,,,,,M,5101.35,,,,
Fe II 5147-51,C,,,,,Fe II,5147-51,,,,,,,M,5149.62,,,,
Fe II 5169,B,,,,,Fe II,5169.03,Fe II,5169.03,,,,,,5169.4215,,,,
Fe II 5198,B,,,,,Fe II,5197.7,Fe II,5197.56,,,,,,5197.6912,,,,
Fe II 5217,C,,,,,Fe II,5216.9,,,,,,,M,5217.48,,,,
,,,,,,,,,,,,,,M,5227.52,,,,
Cr II 5237,B,,,,,Fe II/Cr II,5235-37,Cr II,5237.33,,,,,M,5236.6,,,,
,,,,,,,,,,,,,,TSP,5253.4639,,,,
Fe II 5260,C,,,,,Fe II,5260.33,,,,,,,TSP,5261.7002,,,,
Fe II 5276,B,,,,,Fe II,5275.99,Fe II,5276.01,,,,,M,5277.7,,,,
,,,,,,,,,,,,,,M,5298.25,,,,
Fe II 5317,B,,,,,Fe II,5317,Fe II,5317,,,,,,5317.2042,,,,
,,,,,,Fe II,5427.8,S II,5428.64,,,,,M,5427.76,,,,
Fe II 5506,C,,,,,Fe II,5506.3,,,,,,,M,5506.61,,,,
Si II 5689,C,,,,,,,Si II,5688.86,,,,,TP,5688.7974,,,,
,,,,,,,,,,,,,,TP,5698.9946,,,,
He I 5876,A,,,,,He I,5875.62,He I,5876,,,He I,5876,MK,5876.98,,,,
Na I 5890 (interstellar),A,Na I,5890,,,,,Na I,5890,,,Na I,5889,TP,5890.3369,,,,
Na I 5896 (interstellar),A,Na I,5896,,,,,Na I,5896,,,Na I,5896,TP,5900.4043,,,,
,,,,,,,,,,,,,,telluric?,5920.5785,,,,
,,,,,,,,,,,,,,telluric?,5943.4277,,,,
,,,,,,,,Atm?,,,,,,telluric?,5948.0947,,,,
Telluric $H_2O$/Si II 5958,B,,,,,Telluric+Si II,5957.61,Si II,5957.61,,,,,telluric?,5958.466,,,,
,,,,,,,,,,,,,,telluric?,5968.6835,,,,
Si II 5979,B,,,,,Si II,5978.97,Si II,5978.97,,,,,telluric?,5978.0524,,,,
Fe II 5991,C,,,,,Fe II,5991.38,,,,,,,telluric?,5991.3818,,,,
,,,,,,,,,,,,,,,6045.905,,,,
,,,,,,,,,,,,,,SW,6117.1309,,,,
,,,,,,,,,,,,,,SW,6123.5283,,,,
,,,,,,O I,6158.2,Fe I,6157.73,,,,,M,6157.5,,,,
,,,,,,,,,,,,,,M,6249.26,,,,
,,,,,,,,,,,,,,telluric?,6279.4636,,,,
,,,,,,,,,,,,,,telluric?,6294.6986,,,,
,,,,,,,,,,,,,,,6320.034,,,,
Si II 6347,B,,,,,Si II,6347.1,Si II,6347.09,,,,,,6346.0387,,,,
Si II 6371,B,,,,,SI II,6371.36,SI II,6371.36,,,,,,6372.2185,,,,
,,,,,,,,,,,,,,telluric?,6462.4,,,,
,,,,,,,,,,,,,,telluric?,6476.26,,,,
,,,,,,,,,,,,,,telluric?,6484.38,,,,
,,,,,,,,,,,,,,telluric?,6492.51,,,,
,,,,,,,,,,,,,,telluric?,6517.2331,,,,
,,,,,,,,,,,,,,MSK,6536.47,,,,
H$\alpha$,A,H-alfa,6562.82,,,Halfa,6562.82,Halfa,6562.82,,,Halfa,6562.82,,6562.8967,,,,
He I 6678,B,,,,,,,He I,6678.15,,,He I,6678.15,,6679.6415,,,,