H-16/He I 3703-05,B,,,,,,,H-16/He I,3703-05,,,,,,,,,,3705.1893,,,,,,,Walborn - Atlas of yellow red OB spectra
H-15,B,H-15,3711.6,,,,,H-15,3712.2,,,,,,,,,,3712.5097,,,,,,,Hack 1 - Lo spettro di Zeta Tauri I
H-14,B,H-14,3721.6,,,,,H-14,3721.9,,,,,,,,,,3720.6983,,,,,,,Righini Mannino - Studio di phi persei
H-13,A,H-13,3734,,,,,H-13,3734.4,H-13,3734.4,,,,,,,,3734.7251,,,,,,,Underhill - The spectrum of gamma pegasi
H-12,A,H-12,3749.8,,,,,H-12,3750.1,H-12,3750.2,,,,,,,,3749.7155,,,,,,,Marshall - The visual region of the spectra of early-type stars
H-11,A,H-11,3770.2,,,,,H-11,3770.6,H-11,3770.6,,,,,,,,3770.3541,,,,,,,
H-10,A,H-10,3797.5,,,,,H-10,3797.9,H-10,3797.9,,,,,,,,3797.732,,,,,,,
He I 3820,B,,,,,,,He I,3819.6,He I,3819.6,,,,,,,,3819.7851,,,,,,,
H-9,A,H-9,3835,H-9,,,,H-9,3835.4,H-9,3835.4,,,,,H9,3835.38,,3835.2027,,,,,,,
Si II 3854,C,,,,,,,Si II,3853.66,,,,,,,,,,3853.0757,,,,,,,
He I 3872,B,,,,,,,He I,3871.8,He I,3871.8,,,,,,,,3871.6277,,,,,,,
H-8,A,H-8,3888.6,H-8,,,,H-8,3889,H-8/He I,3889,,,,,H8,3889.05,,3889.0079,,,,,,,
,,,,,,,,,,,,,,,,,,MSK,3921.43,,,,,,,
He I 3927,A,,,,,,,He I,3926.5,He I,3926.5,,,,,He I,3926.53,,3926.6062,,,,,,,
Ca II 3934,C,Ca II,3934,,,,,Ca II,3933.7,,,,,,,,,M,3934.33,,,,,,,
O II 3945,C,,,,,,,,,O II,3945,,,,,,,,3946.3754,,,,,,,
O II 3954,C,,,,,,,,,O II,3954,,,,,,,MK,3955.36,,,,,,,
H$\epsilon$,A,H-epsilon,3970.07,H-epsilon,,Hepsilon,3970.07,Hepsilon,3970.1,Hepsilon/He I,3970,,,,,Hepsilon,3970.07,,3970.031,,,,,,,
O II 3983,B,,,,,O II,3982.68,O II,3982.72,,,,,,,,,MSK,3984.03,,,,,,,
N II 3995,A,,,N II,3995,N II,3995,N II,3995,N II,3995,,,,,,,,3995.1123,,,,,,,
He I 4009,A,,,He I,4009,He I,4009.27,He I,4009.3,He I,4009.3,,,,,He I,4009.27,,4009.6912,,,,,,,
He I 4026,A,,,He I,4026,He I,4026.2,He I,4026.2,He I,4026.3,,,,,He I,4025.5,,4026.2548,,,,,,,
O II 4070,B,,,,,O II,4070,O II,4071,O II/C III,4069-71,,,,,C III/O II,4068-76,SW,4070.7617,,,,,,,
O II 4072-76,B,,,,,O II,4072-76,O II/Si II,4076,O II/O III/N II/C II,4072-76,,,,,C III/O II,4068-76,SW,4074.8201,,,,,,,
Si IV 4089,C,,,Si IV,4089,O II/Si IV,4089-93,,,,,,,,,,,MSK,4089.17,,,,,,,
H$\delta$,A,H-delta,4101.74,,,Hdelta,4101.74,Hdelta,4101.7,Hdelta,4101.7,,,,,Hdelta,4101.74,,4102.0009,,,,,,,
He I 4121,A,,,He I,4121,He I,4120.86,He I,4120.8,O II/He I,4119-21,,,,,He I,4120.81,,4120.6744,,,,,,,
Si II 4128-31,B,,,,,Si II,4128-31,Si II,4128-31,,,,,,,,,,4131.6025,,,,,,,
He I 4144,A,,,He I,4144,He I,4143.76,He I,4143.8,He I,4143.8,,,,,He I,4143.76,,4144.024,,,,,,,
,,,,,,,,Ti II,4162-64,C III,4162.8,,,,,,,MK,4163.21,,,,,,,
He I 4169,A,,,,,He I,4168.97,He I,4168.97,He I/O II,4169,,,,,He I,4168.97,,4168.9155,,,,,,,
O II 4190,A,,,,,O II/S II,4189.7,,,O II,4189.8,,,,,O II,4185-90,,4189.7652,,,,,,,
Fe III 4239,C,,,,,,,Fe III,4238.78,,,,,,,,,,4239.1746,,,,,,,
,,,,,,Fe III/S III,4254,,,,,,,,,O II,4253.98,,4254.7835,,,,,,,
C II 4267,A,,,C II,4267,C II,4267,,,,,,,,,C II,4267.27,,4267.4623,,,,,,,
O II 4277,C,,,,,,,,,,,,,,,O II,4276.7,,4277.5103,,,,,,,
,,,,,,S III,4284.99,,,,,,,,,O II,4285.7,,4285.2556,,,,,,,
,,,,,,,,,,,,,,,,,,,4293.5999,,,,,,,
O II 4303,C,,,,,,,,,,,,,,,O II,4302.81,,4304.6819,,,,,,,
O II 4317-19,B,,,,,O II,4317-19,C II/O II,4317,,,,,,,O II,4317-20,,4318.5354,,,,,,,
H$\gamma$,A,H-gamma,4340.47,H-gamma,,Hgamma,4340.47,Hgamma,4340.5,Hgamma,4340.5,,,,,Hgamma,4340.47,,4341.0233,,,,,,,
O II 4367,C,,,,,O II,4366.9,Ti II,4367.8,,,,,,,O II,4366.9,SW,4366.9316,,,,,,,
,,,,,,,,Fe II,4368.3,,,,,,,,,SW,4371.5776,,,,,,,
He I 4388,A,,,He I,4387,He I,4387.93,He I,4387.9,,,,,,,He I,4387.9,PK,4388.2715,,,,,,,
O II 4396,C,,,,,O II,4395.95,O II/Ti II/Fe III,4395,,,,,,,,,PK,4393.6338,,,,,,,
O II 4415-17,C,,,,,O II,4415-17,Fe II/Ti II,4417,,,,,,,O II,4415-17,,4416.2015,,,,,,,
He I 4438,A,,,,,He I,4437.55,He I,4438,He I,4437.5,,,,,He I,4437.55,M,4438.51,,,,,,,
,,,,,,,,Al II/N II,4448,,,,,,,N II,4447.03,,4449.3229,,,,,,,
He I 4471,A,,,He I,4471,He I,4471.51,He I,4471.5,He I,4471.6,,,,,He I,4471.48,,4471.3903,,,,,,,
Mg II 4481,A,,,Mg II,4481,Mg II,4481,Mg II,4481.3,,,,,,,Mg II,4481.13,M,4480.57,,,,,,,
,,,,,,Al III,4529-30,V II/Ti II,4529,,,,,,,,,,4529.9103,,,,,,,
Si III 4553,B,,,Si III,4552,Si III/Ne I,4553,,,,,,,,,Si III,4552.65,,4553.2818,,,,,,,
Si III 4568,B,,,,,Si III ,4567.87,,,,,,,,,Si III,4567.87,TP,4568.6772,,,,,,,
Si III 4575,B,,,,,Si III,4574.78,,,,,,,,,Si III,4574.78,TP,4575.3691,,,,,,,
,,,,,,O II,4596.17,,,,,,,,,Si III,4591-96,M,4596.7,,,,,,,
O II 4609,C,,,,,O II,4609.4,,,,,,,,,,,M,4609.6,,,,,,,
,,,,,,,,,,,,,,,,,,M,4620.11,,,,,,,
N II/C II 4631,C,,,,,N II/C II,4630.5,,,,,,,,,,,M,4632.06,,,,,,,
O II 4642,C,,,,,O II,4641.8,,,,,,,,,,,TP,4642.0918,,,,,,,
,,,,,,O II,4649.14,,,,,,,,,C III,4647-51,TP,4650.0596,,,,,,,
,,,,,,O II,4661.64,,,Ti II,4662.7,,,,,,,,4662.6377,,,,,,,
O II 4676,B,,,,,O II,4676.23,,,,,,,,,O II,4676.23,,4676.9756,,,,,,,
,,,,,,O II,4701.23,Fe II,4699.3,,,,,,,,,MWK,4700.88,,,,,,,
He I 4713,A,,,,,He I,4713.2,He I,4713,,,,,,,He I,4713.15,,4713.325,,,,,,,
H$\beta$,A,H-beta,4861.33,,,Hbeta,4861.33,Hbeta,4861.3,Hbeta,4861.3,,,Hbeta,4861.33,Hbeta,4861.33,,4861.526,,,,,,,
He I 4922,A,,,,,He I,4921.93,He I,4921.9,He I,4921.9,,,He I,4921.93,He I,4921.93,,4922.3509,,,,,,,
O II 4943,C,,,,,O II,4943.06,,,,,,,,,,,,4943.6571,,,,,,,
N II 5001-05,C,,,,,N II,5001-05,Fe II/N II,5004-05,,,,,,,,,,5003.4992,,,,,,,
He I 5016,A,,,,,He I,5015.68,He I,5015.68,,,,,He I,5015.68,He I,5015.68,,5015.8228,,,,,,,
,,,,,,,,,,,,,,,,,,KP,5038.3779,,,,,,,
He I 5048,A,,,,,He I,5047.7,He I,5047.73,,,,,He I,5047.74,He I,5047.74,KP,5046.9785,,,,,,,
Fe III/C II/Ne I 5145,C,,,,,Fe III/C II/Ne I,5145,,,,,,,,,,,,5145.7294,,,,,,,
,,,,,,,,,,,,,,,,,,,5158.6134,,,,,,,
,,,,,,,,,,,,,,,,,,M,5221.3,,,,,,,
C III/S II/Si II 5640,C,,,,,,,,,,,,,C II/S II/Si II,5640,,,SW,5641.2446,,,,,,,
S II/C II 5647-48,C,,,,,,,,,,,,,S II/C II,5647-48,,,SW,5647.5269,,,,,,,
,,,,,,,,,,,,,,,,,,SW,5683.7114,,,,,,,
Al III 5696,C,,,,,,,,,,,,,Al III,5696.47,,,SW,5698.1777,,,,,,,
Al III 5723,C,,,,,,,,,,,,,Al III,5722.65,,,,5722.6151,,,,,,,
Si III 5740,A,,,,,,,,,,,Si III,5740,Si III,5739.76,Si III,5739,,5740.8158,,,,,,,
Interstellar 5780,C,,,,,,,,,,,interstellar,,,,,,,5780.6215,,,,,,,
,,,,,,,,,,,,,,,,,,,5834.9042,,,,,,,
He I 5876,A,,,,,,,He I,5876,,,He I ,5876,He I,5876,He I,5876,,5876.8515,,,,,,,
Na I 5890 (interstellar),A,Na I,5890,,,,,Na I,5890,,,interstellar Na I,5890,Na I,5890,Na I,5890,PK,5890.8677,,,,,,,
Na I 5896 (interstellar),A,Na I,5896,,,,,Na I,5896,,,interstellar Na I,5896,Na I,5896,Na I,5896,PK,5897.2734,,,,,,,
C II 6099,C,,,,,,,,,,,,,C II,6098.62,,,M,6098.72,,,,,,,
,,,,,,,,,,,,,,,,,,M,6204.34,,,,,,,
Telluric $O_2$ 6277,A,,,,,,,,,,,Telluric O2,6277,,,,,telluric?,6280.4015,,,,,,,
,,,,,,,,,,,,,,,,,,M,6317.6,,,,,,,
,,,,,,,,,,,,,,,,,,telluric?,6476.8149,,,,,,,
,,,,,,,,,,,,,,,,,,telluric?,6484.3071,,,,,,,
,,,,,,,,,,,,,,,,,,telluric?,6493.4581,,,,,,,
,,,,,,,,,,,,,,,,,,telluric?,6517.4757,,,,,,,
,,,,,,,,,,,,,,,,,,,6534.5149,,,,,,,
H$\alpha$ 6563,A,H-alfa,6562.82,,,,,Halfa,6563,,,Halfa,6563,Halfa,6562.82,Halfa,6562.82,,6563.1838,,,,,,,
He I 6678,B,,,,,,,,,,,,,,,He I,6678.15,,6678.6543,,,,,,,