H-16/He I 3705,B,H-16,3703.5,,,H-16/He I,3703-05,,,H-16/He I,3705,,,,,,,,,,3705,,,,,,,Walborn - Atlas of yellow red OB spectra
H-15,B,H-15,3711.6,,,H-15,,,,H-15,3711.97,,,,,,,,,,3712.6892,,,,,,,Hack 1 - Lo spettro di Zeta Tauri I
H-14,B,H-14,3721.6,,,H-14,,,,H-14,3721.94,,,,,,,,,,3721.6189,,,,,,,Righini Mannino - Studio di phi persei
H-13,A,H-13,3734,,,H-13,,,,H-13,3734.37,H-13,3734.4,,,,,,,,3734.8101,,,,,,,Underhill - The spectrum of gamma pegasi
H-12,A,H-12,3749.8,,,H-12,,,,H-12,3750.15,H-12,3750.2,,,,,,,,3750.5663,,,,,,,Marshall - The visual region of the spectra of early-type stars
H-11,A,H-11,3770.2,,,H-11,,,,H-11,3770.6,H-11,3770.6,,,,,,,,3770.7046,,,,,,,
H-10,A,H-10,3797.5,,,H-10,,,,H-10,3797.9,H-10,3797.9,,,,,,,,3798.1171,,,,,,,
He I 3820,A,,,,,He I,3819.6,,,He I,3820,He I,3819.6,,,,,,,,3819.7251,,,,,,,
H-9,A,H-9,3835,,,H-9,,,,H-9,3835.39,H-9,3835.4,,,,,H-9,3835.38,,3835.3381,,,,,,,
He I 3868,A,,,,,He I,3867.6,,,He I,3867.5,He I,3867.5,,,,,,,MWK,3867.71,,,,,,,
H-8,A,H-8,3888.6,,,H-8,,,,H-8,3889.05,H-8,3888.6,,,,,H-8,3889.05,,3888.8278,,,,,,,
O II 3912,C,,,,,,,,,O II,3911.96,,,,,,,,,M,3911.35,,,,,,,
C II 3919-20,C,,,,,C II,3919-20,,,,,,,,,,,,,MK,3919.9,,,,,,,
He I 3927,B,,,,,Si III/He I,3924-27,,,He I,3926.53,He I,3926.5,,,,,He I,3926.53,,3925.9292,,,,,,,
Ca II 3934,B,Ca II,3934,,,Ca II,3933.66,,,Ca II,3933.66,He I,3936,,,,,,,MK,3934.64,,,,,,,
O II 3945,C,,,,,,,,,,,O II,3945,,,,,,,,3944.7878,,,,,,,
H$\epsilon$,A,H-epsilon,3970.07,,,H-epsilon,,H-epsilon,3970.07,H-epsilon,3970.07,H-epsilon,3970,,,,,H-epsilon,3970.07,,3969.4995,,,,,,,
N II 3995,B,,,N II,3995,N II/S II,3994-95,N II,3994.98,N II,3995,N II,3995,,,,,,,,3994.7983,,,,,,,
He I 4009,A,,,He I,4009,He I,4009.25,He I,4009.27,He I,4009.27,He I,4009.3,,,,,He I,4009.27,,4008.9307,,,,,,,
He I 4026,A,,,He I,4026,He I,4026.19,He I,4026.2,He I,4026,He I,4026.3,,,,,He I,4025.5,,4025.648,,,,,,,
,,,,,,O II,4041.3,,,,,N II,4043.5,,,,,,,,4042.5122,,,,,,,
,,,,,,,,,,,,,,,,,,,,,4060.2761,,,,,,,
O II 4070-72,B,,,,,O II,4070-72,O II,4070-72,O II,4072.16,O II/C III,4070-72,,,,,C III/O II,4068-76,AW,4071.0286,,,,,,,
C II/O II 4075-76,C,,,,,C II,4075-76,C II/O II,4075-76,O II/Si II,4076,O II/O III/C II/N II,4073-76,,,,,C III/O II,4068-76,AW,4074.9268,,,,,,,
H$\delta$,A,H-delta,4101.74,,,H-delta,,H-delta,4101.74,H-delta,4101.74,H-delta,4101.7,,,,,H-delta,4101.74,,4101.26,,,,,,,
He I 4121,A,,,He I,4121,He I,4120.99,He I,4120.86,He I,4121,He I,4120.9,,,,,He I,4120.81,,4119.688,,,,,,,
Si II 4128-31,A,,,Si II,4128-30,Si II,4128-30,,,Si II,4128-31,,,,,,,,,,4130.6483,,,,,,,
He I 4144,A,,,He I,4144,He I,4143.76,He I,4143.76,He I,4143.76,He I,4143.8,,,,,He I,4143.76,,4143.3566,,,,,,,
He I 4169,A,,,,,He I,4169,He I,4169.1,He I,4168.97,,,,,,,He I,4168.97,,4167.5709,,,,,,,
O II 4185-90,C,,,,,,,O II,4185-90,,,,,,,,,C III/O II,4187-90,,4187.9861,,,,,,,
Fe III 4239,C,,,,,,,,,Fe III,4238.78,,,,,,,,,,4240.8579,,,,,,,
,,,,,,,,Fe III/S III,4253.6,,,,,,,,,O II,4253.98,,4253.1865,,,,,,,
C II 4267,A,,,C II,4267,C II,4267,C II,4267,,,,,,,,,C II,4267.27,,4267.0214,,,,,,,
O II 4276,B,,,,,,,O II,4275.52,,,,,,,,,O II,4276.7,,4275.9448,,,,,,,
,,,,,,,,S III,4284.99,,,,,,,,,O II,4285.7,,4283.6206,,,,,,,
O II 4303,C,,,,,,,O II,4203.82,,,,,,,,,O II,4302.81,MK,4304.04,,,,,,,
O II 4317-20,B,,,,,,,O II,4317-20,C II/O II,4317,,,,,,,O II,4317-20,,4318.5967,,,,,,,
H$\gamma$,A,H-gamma,4340.47,,,H-gamma,,H-gamma,4340.47,H-gamma,4340.47,H-gamma,4340.5,,,,,H-gamma,4340.47,,4340.1572,,,,,,,
O II 4367,B,,,,,,,O II,4366.9,,,,,,,,,O II,4366.99,TSP,4366.792,,,,,,,
,,,,,,,,,,,,,,,,,,,,TSP,4370.4683,,,,,,,
He I 4388,A,,,He I,4387,,,He I,4387.93,He I,4387.93,,,,,,,He I,4387.9,,4387.8673,,,,,,,
O II 4420,B,,,,,,,O II,4414.91,,,,,,,,,O II,4414.91,,4414.7213,,,,,,,
He I 4438,B,,,,,He I/S II,4438,He I,4437.55,He I,4437.55,,,,,,,He I,4437.55,,4437.2974,,,,,,,
N II 4447,B,,,,,,,N II,4447.03,Al II/N II,4447-48,,,,,,,N II,4447.03,,4447.0309,,,,,,,
He I 4471,A,,,He I,4471,,,He I,4471.51,He I,4471.5,He I,4471.6,,,,,He I,4471.48,TP,4470.9585,,,,,,,
Mg II 4481,A,,,Mg II,4481,,,Mg II,4481.33,Mg II,4481,,,,,,,Mg II,4481.13,TP,4480.3208,,,,,,,
Al III 4529,C,,,,,,,Al III,4529.18,,,,,,,,,,,,4529.0928,,,,,,,
Si III 4553,A,,,Si III,4552,Si III,4552.63,Si III,4552.65,,,,,,,,,Si III,4552.65,,4552.5471,,,,,,,
Si III 4568,A,,,Si III,4568,Si III,4567.82,Si III,4567.87,,,,,,,,,Si III,4567.87,,4568.2524,,,,,,,
Si III 4575,A,,,Si III,4575,Si III,4574.76,Si III,4574.78,,,,,,,,,Si III,4574.78,,4575.2065,,,,,,,
N II 4621,C,,,,,N II/Si II,4621.4,N II,4621.39,,,,,,,,,,,,4620.1164,,,,,,,
N II 4631,B,,,N II,4631,N II,4630.54,N II/C II,4630.5,,,,,,,,,,,,4630.7082,,,,,,,
O II 4639-42,B,,,O II,4640,O II/N II,4639-43,O II,4639-42,,,,,,,,,O II,4639-52,TP,4641.3696,,,,,,,
O II 4649,C,,,O II,4650,O II/N II,4649,O II,4649.14,,,,,,,,,C III,4647-51,TP,4649.333,,,,,,,
O II 4662,C,,,,,,,O II,4661.64,,,,,,,,,,,M,4661.55,,,,,,,
O II 4676,B,,,,,,,O II,4676.25,,,,,,,,,O II,4676.23,,4675.1521,,,,,,,
He I 4713,A,,,He I,4713,,,He I,4713.2,He I,4713,,,,,,,He I,4713.15,,4713.2304,,,,,,,
N II 4803,C,,,,,,,N II,4803.27,,,,,,,,,,,,4803.9354,,,,,,,
S II 4816-20,C,,,,,S II,4816-20,,,,,,,,,,,,,wide,4815.9723,,,,,,,
Si III 4829,C,,,,,,,Si III,4828.92,,,,,,,,,,,,4828.9645,,,,,,,
H$\beta$,A,H-beta,4861.33,,,,,H-beta,4861.33,H-beta,4861.33,,,,,H-beta,4861.33,H-beta,4861.33,,4861.2265,,,,,,,
He I 4922,A,,,,,,,He I,4921.93,He I,4921.93,,,,,He I,4921.93,He I,4921.93,,4921.9954,,,,,,,
,,,,,,,,O II,4942.96,,,,,,,Ni I,4945-46,,,,4943.0867,,,,,,,
,,,,,,,,,,,,,,,,,,,,MS,4968.19,,,,,,,
N II 5001-05,C,,,,,,,N II,5001-05,Fe II/N II,5004-05,,,,,,,,,,5003.8796,,,,,,,
He I 5016,A,,,,,He I,5015.67,He I,5015.68,He I,5015.68,,,,,He I,5015.68,He I,5015.67,,5015.575,,,,,,,
,,,,,,,,,,,,,,,,,,,,TSP,5038.6821,,,,,,,
He I 5048,A,,,,,He I,5047.7,He I,5047.74,He I,5047.73,,,,,He I,5047.74,He I,5047.74,TSP,5047.0835,,,,,,,
Si II 5056,C,,,,,Si II,5056,,,,,,,,,,,,,,5057.5014,,,,,,,
C II 5133,C,,,,,C II,5133,,,,,,,,,,,,,MS,5133.16,,,,,,,
C II 5145,C,,,,,C II,5145.17,,,,,,,,,,,,,MS,5144.57,,,,,,,
,,,,,,,,,,,,,,,,,,,,,5435.415,,,,,,,
,,,,,,,,,,,,,,,,,,,,,5455.1266,,,,,,,
S II 5640,C,,,,,S II,5640,,,,,,,,,C II/S II/Si II,5640,,,PK,5641.8677,,,,,,,
S II 5647,B,,,,,S II,5647,,,,,,,,,C II,5648,,,PK,5647.9629,,,,,,,
,,,,,,,,,,,,,,,,,,,,M,5681.79,,,,,,,
,,,,,,,,,,,,,,,,,,,,,5689.4241,,,,,,,
Al III 5696,C,,,,,,,,,,,,,,,Al III,5696.47,,,,5697.9589,,,,,,,
Al III 5723,C,,,,,,,,,,,,,,,Al III,5722.65,,,,5722.4227,,,,,,,
Si III 5740,A,,,,,,,,,,,,,Si III,5740,Si III,5739.76,Si III,5739,,5740.7585,,,,,,,
He I 5876,A,,,,,,,,,He I,5876,,,He I,5876,He I,5875.62,He I,5876,,5877.3372,,,,,,,
Na I 5890 (is),A,Na I,5890,,,,,,,Na I,5890,,,is Na I,5890,Na I,5890,Na I,5890,is,5890.9722,,,,,,,
Na I 5896 (is),A,Na I,5896,,,,,,,Na I,5896,,,is Na I,5896,Na I,5896,Na I,5896,is,5899.4077,,,,,,,
,,,,,,,,,,,,,,,,,,,,telluric?,5910.94,,,,,,,
,,,,,,,,,,,,,,,,,,,,telluric?,5920.9132,,,,,,,
,,,,,,,,,,,,,,,,,,,,telluric?,5932.33,,,,,,,
,,,,,,,,,,,,,,,,,,,,telluric?,5945.1448,,,,,,,
,,,,,,,,,,,,,,,,,,,,telluric?,5958.3692,,,,,,,
,,,,,,,,,,,,,,,,,,,,telluric?,5969.0119,,,,,,,
,,,,,,,,,,,,,,,,,,,,telluric?,5977.3626,,,,,,,
,,,,,,,,,,,,,,,,,,,,telluric?,5990.184,,,,,,,
,,,,,,,,,,,,,,,,,,,,M,6016.48,,,,,,,
C II 6095-99,C,,,,,,,,,,,,,,,C II,6095-99,,,,6098.2395,,,,,,,
Telluric $O_2$,A,,,,,,,,,,,,,telluric O2,6277,,,,,telluric?,6279.533,,,,,,,
,,,,,,,,,,,,,,,,,,,,telluric?,6294.12,,,,,,,
,,,,,,,,,,,,,,,,,,,,telluric?,6318.85,,,,,,,
,,,,,,,,,,,,,,,,,,,,,6347.4388,,,,,,,
,,,,,,,,,,,,,,,,,,,,,6372.0189,,,,,,,
Na I 6402,C,,,,,,,,,,,,,,,Na I,6402.25,,,,6402.9412,,,,,,,
,,,,,,,,,,,,,,,,,,,,telluric?,6476.375,,,,,,,
,,,,,,,,,,,,,,,,,,,,telluric?,6483.4712,,,,,,,
,,,,,,,,,,,,,,,,,,,,telluric?,6491.9,,,,,,,
,,,,,,,,,,,,,,,,,,,,telluric?,6517.1491,,,,,,,
,,,,,,,,,,,,,,,,,,,,telluric?,6534.3606,,,,,,,
,,,,,,,,,,,,,,,,,,,,MSK,6546.57,,,,,,,
H$\alpha$,A,H-alfa,6562.82,,,,,,,,,,,H-alfa,6563,H-alfa,6562.82,H-alfa,6562.82,,6563.6132,,,,,,,
C II 6583,C,,,,,,,,,,,,,,,C II,6582.85,,,MK,6582.23,,,,,,,
,,,,,,,,,,,,,,,,,,,,,6599.9521,,,,,,,
He I 6678,A,,,,,,,,,,,,,,,,,He I,6678.15,,6679.2005,,,,,,,
,,,,,,,,,,,,,,,,,,,,,6785.1166,,,,,,,