,A,3716.22,0.0935,18.84,Gaussian,single,,other,confirmed,609,"Fe I 3716.4, V II 3715.5, Cr II 3715.2"
H-14 3722,A,3722.09,0.1694,6.17,Gaussian,single,,other,confirmed,142,"H I 3721.9, Fe I 3722.6"
H-13 3734,A,3734.94,0.2598,6.63,Gaussian,single,,other,confirmed,192,"H I 3734.4, Fe I 3734.9"
H-12 3750,A,3749.26,0.2925,7.57,Gaussian,single,,other,confirmed,221,"H I 3750.1, H I 3750.2"
H-11 3771,A,3770.84,0.3932,9.73,Gaussian,single,,other,confirmed,224,"H I 3770.6, H I 3770.7"
H-10 3798,A,3797.66,0.4664,12.53,Gaussian,single,,other,confirmed,189,H I 3797.9
,A,3814.45,0.0322,5.65,Gaussian,deblended,,other,uncertain_discarded,130,
H-9 3835,A,3835.48,0.5231,15.36,Gaussian,deblended,,other,confirmed,355,H I 3835.4
H-8 3889,A,3888.93,0.539,17.67,Gaussian,deblended,,other,confirmed,453,"H I 3889.0, H I 3889.1"
Si I/Fe I/Mg I 3904-06,A,3905.09,0.0769,8.51,Gaussian,deblended,,other,confirmed,209,"Si I 3905.5, Fe I 3906.5, Mg I 3903.9"
Ca II 3934,A,3933.52,0.539,7.32,Gaussian,deblended,,other,confirmed,217,Ca II 3933.7
H$\epsilon$/Ca II 3968-70,A,3969.59,0.6613,16.76,Voigt,deblended,Hε,Balmer,confirmed,333,"H I 3970.0, H I 3970.1, Ca II 3968.5"
Fe I/Ti I 3997-99,A,4000.01,0.0385,20,Gaussian,deblended,,other,confirmed,219,"Fe I 3998.1, Fe I 3997.4, Ti I 3998.6"
Mn I/Fe I 4030-33,A,4030.94,0.0546,8.46,Gaussian,deblended,,other,confirmed,139,"Mn I 4030.8, Fe I 4030.5, Mn I 4033.1"
,A,4045.58,0.0219,5.65,Gaussian,deblended,,other,uncertain_discarded,69,
,A,4056.84,0.0208,12.04,Gaussian,deblended,,other,uncertain_discarded,116,
Sr II 4078,A,4080.45,0.0783,20,Gaussian,deblended,,other,confirmed,137,Sr II 4077.7
H$\delta$ 4102,A,4101.93,0.588,16.31,Voigt,deblended,Hδ,Balmer,confirmed,121,"H I 4101.7, H I 4101.8"
Fe II 4123,A,4124.96,0.0675,20,Gaussian,deblended,,other,confirmed,146,Fe II 4122.7
,A,4155.75,0.0256,9.55,Gaussian,deblended,,other,uncertain_discarded,138,
Fe II/Y II 4178-79,A,4177.64,0.0806,15.37,Gaussian,deblended,,other,confirmed,132,"Fe II 4178.9, Y II 4177.5, Fe II 4177.7"
Fe I 4198-4202,A,4200.45,0.0564,9.32,Gaussian,deblended,,other,confirmed,154,"Fe I 4202.0, Fe I 4199.1, Fe I 4198.3"
Fe I/Ca I 4225-27,A,4225.92,0.0409,6.03,Gaussian,deblended,,other,confirmed,65,"Ca I 4226.7, Fe I 4227.4, Fe I 4225.4"
,A,4231.86,0.0218,20,Gaussian,deblended,,other,confirmed,116,"Fe II 4233.2, Fe I 4233.6"
Fe I/Sc II 4247-51,A,4249.21,0.044,8.58,Gaussian,deblended,,other,confirmed,98,"Fe I 4250.1, Fe I 4250.8, Sc II 4246.8"
Fe I/Cr II 4260-62,A,4260.47,0.0305,5.65,Gaussian,deblended,,other,confirmed,85,"Fe I 4260.5, Cr II 4261.9, Fe I 4260.1"
Fe I/Cr I 4271-75,A,4272.86,0.0643,6.71,Gaussian,deblended,,other,confirmed,102,"Fe I 4271.8, Fe I 4271.1, Cr I 4274.8"
,A,4289.56,0.0301,3.88,Gaussian,deblended,,other,uncertain_discarded,70,
Ti II/Fe I 4294,A,4292.92,0.0722,20,Gaussian,deblended,,other,confirmed,44,"Ti II 4294.1, Fe I 4294.1"
Ti II 4300-02,A,4301.93,0.0672,7,Gaussian,deblended,,other,confirmed,88,"Ti II 4300.0, Ti II 4301.9"
Ti II/Sc II/Fe I 4313-15,A,4315.47,0.1141,20,Gaussian,deblended,,other,confirmed,78,"Ti II 4315.0, Ti II 4312.9, Sc II 4314.1, Fe I 4315.1"
Fe I/Sc II 4325-27,A,4327.15,0.0507,7.17,Gaussian,deblended,,other,confirmed,67,"Fe I 4325.8, Sc II 4325.0, Fe I 4327.1"
H$\gamma$ 4340,A,4340.57,0.5819,16.35,Voigt,deblended,Hγ,Balmer,confirmed,63,"H I 4340.4, H I 4340.5"
,A,4353.72,0.0587,8.16,Gaussian,deblended,,other,confirmed,23,"Cr I 4351.8, Fe II 4351.8, Mg I 4351.9, Fe I 4352.7"
,A,4358.45,0.0185,15.97,Gaussian,deblended,,other,confirmed,20,"Fe I 4358.5, Y II 4358.7, Cr I 4359.6"
Sc II/Fe I/Y II 4370-75,A,4372.02,0.0314,7.78,Gaussian,deblended,,other,confirmed,52,"Sc II 4374.5, Fe I 4369.8, Y II 4374.9"
Fe I/Fe II 4384-85,A,4385.16,0.0563,7.07,Gaussian,deblended,,other,confirmed,53,"Fe I 4383.5, Fe II 4385.4"
Ti II 4395-4400,A,4397.22,0.0481,9.93,Gaussian,deblended,,other,confirmed,74,"Ti II 4395.0, Ti II 4399.8"
Ti II/Fe II/Fe I 4415-18,A,4416.6,0.0556,4.85,Gaussian,single,,other,confirmed,50,"Ti II 4417.7, Fe II 4416.8, Fe I 4415.1"
,A,4434.31,0.0129,2.42,Gaussian,single,,other,uncertain_discarded,23,
Ti II/Fe I 4443-44,A,4443.81,0.0426,4.09,Gaussian,deblended,,other,confirmed,40,"Ti II 4443.8, Fe I 4443.2"
,A,4455.4,0.0103,4.62,Gaussian,deblended,,other,uncertain_discarded,27,
Fe I/Ni I 4459,A,4457.27,0.0319,15.84,Gaussian,deblended,,other,confirmed,36,"Fe I 4459.1, Ni I 4459.0"
,A,4468.41,0.0206,4.75,Gaussian,deblended,,other,uncertain_discarded,28,
Ti II/Fe I/Ni I 4469-71,A,4469.87,0.018,11.46,Gaussian,deblended,,other,confirmed,18,"Fe I 4469.4, Ti II 4470.9, Ni I 4470.5, Ti II 4469.1"
Mg II/Fe I 4481-82,A,4481.81,0.0701,7.99,Gaussian,deblended,,other,confirmed,24,"Mg II 4481.1, Mg II 4481.3, Fe I 4482.2"
Fe II/Ti II 4488-91,A,4490.93,0.03,4.79,Gaussian,deblended,,other,confirmed,33,"Fe II 4491.4, Fe II 4489.2, Ti II 4488.3"
,A,4496.82,0.0082,11.32,Gaussian,deblended,,other,uncertain_discarded,44,
,A,4549.25,0.0073,3.36,Gaussian,deblended,,other,uncertain_discarded,24,
Ba II 4554,A,4552.01,0.0684,10.51,Gaussian,deblended,,other,confirmed,29,Ba II 4554.0
,A,4557.06,0.0113,3.71,Gaussian,deblended,,other,uncertain_discarded,15,
,A,4564.52,0.0163,4.26,Gaussian,deblended,,other,uncertain_discarded,30,
,A,4573.04,0.0143,3.99,Gaussian,deblended,,other,uncertain_discarded,26,
Fe II 4583-84,A,4584.19,0.0563,10.6,Gaussian,deblended,,other,confirmed,38,"Fe II 4583.8, Fe II 4582.8"
,A,4592.43,0.0121,5.19,Gaussian,deblended,,other,uncertain_discarded,41,
Cr II/Fe II 4617-21,A,4618.3,0.0232,4.98,Gaussian,single,,other,confirmed,29,"Cr II 4618.8, Fe II 4620.5, Cr II 4616.6"
Cr II/Fe II 4629-34,A,4633.06,0.0235,8.08,Gaussian,single,,other,confirmed,37,"Cr II 4634.1, Fe II 4629.3"
Fe I/Fe II 4667-68,A,4668.51,0.043,6.8,Gaussian,single,,other,confirmed,53,"Fe I 4668.1, Fe II 4666.8, Fe I 4667.4"
Mg I/Fe I 4703-07,A,4704.74,0.0309,13.02,Gaussian,single,,other,confirmed,66,"Mg I 4703.0, Fe I 4707.3"
Fe II 4731,A,4732.36,0.0144,8.61,Gaussian,single,,other,confirmed,61,Fe II 4731.4
Mn I/Ti II 4762-66,A,4764.98,0.0252,8.2,Gaussian,single,,other,confirmed,50,"Ti II 4763.9, Mn I 4762.4, Mn I 4766.4"
,A,4840.48,0.0095,18.84,Gaussian,deblended,,other,confirmed,73,"Fe I 4839.5, Ti I 4840.9, Ni I 4838.6"
,A,4847.56,0.034,11.26,Gaussian,deblended,,other,confirmed,29,Cr II 4848.2
H$\beta$ 4861,A,4861.15,0.5158,15.62,Voigt,deblended,Hβ,Balmer,confirmed,47,"H I 4861.3, H I 4861.4"
,A,4873.05,0.0239,5.7,Gaussian,deblended,,other,confirmed,31,"Fe I 4872.1, Fe I 4871.3, Ti II 4874.0"
,A,4878.87,0.0502,14.27,Gaussian,deblended,,other,confirmed,20,"Fe I 4878.2, Ca I 4878.1, Cr II 4876.4"
Fe I 4891,A,4889.4,0.0324,6.79,Gaussian,deblended,,other,confirmed,26,"Fe I 4890.8, Fe I 4891.5"
Fe I/Fe II 4919-24,A,4921.71,0.048,6.83,Gaussian,single,,other,confirmed,34,"Fe II 4923.9, Fe I 4920.5, Fe I 4919.0"
Ba II 4934,A,4935.13,0.0259,6.07,Gaussian,single,,other,confirmed,27,Ba II 4934.1
Fe I 4957-58,A,4957.23,0.0291,4.69,Gaussian,single,,other,confirmed,10,"Fe I 4957.6, Fe I 4957.3"
Fe I 4982-84,A,4983.71,0.0422,6.17,Gaussian,single,,other,confirmed,28,"Fe I 4982.5, Fe I 4983.9, Fe I 4983.2"
Fe I 5002-06,A,5004.68,0.0221,9.01,Gaussian,deblended,,other,confirmed,36,"Fe I 5006.1, Fe I 5005.7, Fe I 5001.9"
Fe II/Ni I 5018,A,5017.8,0.0454,7.06,Gaussian,deblended,,other,confirmed,44,"Fe II 5018.4, Ni I 5017.6"
Fe I 5041-42,A,5039.92,0.052,8.04,Gaussian,single,,other,confirmed,37,"Fe I 5041.8, Fe I 5040.9"
Fe I/C I 5050-52,A,5052.46,0.0172,7.99,Gaussian,deblended,,other,confirmed,21,"C I 5052.2, Fe I 5049.8, Fe I 5051.6"
Fe I 5075-79,A,5075.64,0.024,16.29,Gaussian,single,,other,confirmed,44,"Fe I 5074.8, Fe I 5079.0"
Fe I/Ni I 5097-5100,A,5099.1,0.0193,5.33,Gaussian,single,,other,confirmed,27,"Fe I 5098.7, Fe I 5097.0, Fe I 5098.6, Ni I 5099.9"
Fe I/Ti II/Ni I 5125-29,A,5125.61,0.0102,6.62,Gaussian,deblended,,other,confirmed,33,"Fe I 5125.1, Ti II 5129.2, Ni I 5126.8"
Fe II/Mg I/Fe I 5167-69,A,5169.1,0.0886,8.08,Gaussian,single,,other,confirmed,27,"Fe II 5169.0, Mg I 5167.3, Fe I 5167.5"
Mg I/Ti II 5184-89,A,5185.13,0.0241,5.47,Gaussian,deblended,,other,confirmed,28,"Mg I 5183.6, Ti II 5185.9, Ti II 5188.7"
Cr I 5204-08,A,5206.96,0.0245,6.21,Gaussian,deblended,,other,confirmed,24,"Cr I 5206.0, Cr I 5208.4, Cr I 5204.5"
Fe I 5227-33,A,5230.29,0.0454,11.94,Gaussian,single,,other,confirmed,50,"Fe I 5232.9, Fe I 5227.2, Fe I 5229.8, Fe I 5229.9"
Fe I/Fe II 5251-55,A,5253.51,0.0103,4.86,Gaussian,deblended,,other,confirmed,31,"Fe II 5254.9, Fe I 5253.5, Fe I 5250.6"
Fe I/Ca I 5266-70,A,5267.03,0.0795,11.7,Gaussian,deblended,,other,confirmed,37,"Fe I 5266.6, Fe I 5269.5, Ca I 5265.6"
Fe II/Fe I 5276-82,A,5279.23,0.035,14.02,Gaussian,deblended,,other,confirmed,37,"Fe II 5276.0, Fe I 5281.8"
Fe I/Cr II 5302-06,A,5304.03,0.0154,20,Gaussian,deblended,,other,confirmed,54,"Fe I 5302.3, Cr II 5305.9"
Fe I/Fe II 5324-29,A,5327.79,0.0199,4.27,Gaussian,deblended,,other,confirmed,25,"Fe I 5328.0, Fe I 5328.5, Fe I 5324.2, Fe II 5325.6"
Fe I/Ti II 5337-41,A,5340.4,0.0178,15.64,Gaussian,deblended,,other,confirmed,38,"Fe I 5341.0, Fe I 5339.9, Ti II 5336.8"
Fe I 5367-71,A,5367.99,0.0353,10.17,Gaussian,single,,other,confirmed,22,"Fe I 5367.5, Fe I 5370.0, Fe I 5371.5"
Fe I/Ti II/C I 5380-83,A,5381.8,0.0163,4.75,Gaussian,single,,other,confirmed,16,"Fe I 5383.4, Ti II 5381.0, C I 5380.3"
Ni I/Fe I 5477,A,5476.93,0.0209,5.45,Gaussian,single,,other,confirmed,33,"Ni I 5476.9, Fe I 5476.6"
Mg I/Sc II 5527-28,A,5529.04,0.0295,7.97,Gaussian,single,,other,confirmed,33,"Mg I 5528.4, Sc II 5526.8"
Ca I 5589-94,A,5593.54,0.0249,16.33,Gaussian,single,,other,confirmed,40,"Ca I 5594.5, Ca I 5588.8"
Fe I 5616,A,5618.15,0.0131,9.16,Gaussian,single,,other,confirmed,20,Fe I 5615.6
Fe I/Sc II 5658-59,A,5659.04,0.0226,8.03,Gaussian,single,,other,confirmed,37,"Fe I 5658.8, Sc II 5657.9"
Na I/Fe I/Sc II 5684-88,A,5686.82,0.0277,9.42,Gaussian,single,,other,confirmed,26,"Na I 5688.2, Fe I 5686.5, Sc II 5684.2"
,A,5891.96,0.1511,18.77,Gaussian,deblended,,other,uncertain_discarded,10,
,A,5900.78,0.0291,5.02,Gaussian,deblended,,other,uncertain_discarded,2,
,A,5919.21,0.0975,18.92,Gaussian,deblended,,other,uncertain_discarded,12,
,A,5945.82,0.1237,12.9,Gaussian,deblended,,other,uncertain_discarded,3,
,A,5958.55,0.0307,5.65,Gaussian,deblended,,other,uncertain_discarded,7,
,A,5971.01,0.0557,18.15,Gaussian,deblended,,other,uncertain_discarded,8,
,A,5991.77,0.0363,20,Gaussian,deblended,,other,uncertain_discarded,30,
,A,6280.06,0.1103,9.28,Gaussian,single,,other,uncertain_discarded,13,
Si II/Ca I 6343-47,A,6346.9,0.0288,6.26,Gaussian,single,,other,confirmed,13,"Si II 6347.1, Ca I 6343.3"
Si II 6371,A,6371,,,,,,,,,
,A,6459.26,0.0509,11.31,Gaussian,deblended,,other,uncertain_discarded,18,
,A,6478.26,0.0981,20,Gaussian,deblended,,other,uncertain_discarded,6,
,A,6494.88,0.0727,8.06,Gaussian,deblended,,other,uncertain_discarded,15,
,A,6517.63,0.1206,8.87,Gaussian,single,,other,uncertain_discarded,11,
H$\alpha$ 6563,A,6562.46,0.3939,20.56,Voigt,single,Hα,Balmer,confirmed,32,"H I 6562.9, H I 6562.7, H I 6562.8"