H-14  3722,A,3721.42,0.1788,4.21,other,confirmed,,H I 3721.9,,,,,,,,,,,,,,,,,Gray & Corbally Stellar Spectral Classification,
H-13  3734,A,3734.02,0.2449,6.35,other,confirmed,,H I 3734.4,,,,,,,,,,,,,,,,,Walker Spectral Atlas for Amateur Astronomers,
H-12  3750,A,3749.05,0.321,6.1,other,confirmed,,H I 3750.1,,,,,,,,,,,,,,,,,STRU1,Struve O. Swings P. Investigations of Typical Stellar Spectra With High Dispersion I
H-11  3771,A,3770.61,0.3278,8.69,other,confirmed,,"H I 3770.6, H I 3770.7",,,,,,,,,,,,,,,,,STRU2,Struve O. Swings P. The spectrum of Alfa 2 CVn
H-10  3798,A,3796.96,0.4201,12.05,other,confirmed,,H I 3797.9,,,,,,,,,,,,,,,,,Greenstein,The spectrum of alpha carinae
,A,3813.89,0.0509,18.84,other,unresolved_blend,"blend of 107 lines in window, strongest explains only 10% (< 15% needed)",,,,,,,,,,,,,,,,,,,
Fe I 3824,A,3824.64,0.0851,6.11,other,confirmed,,Fe I 3824.4,,,,,,,,,,,,,,,,,,
,A,3834.98,0.4829,11.5,other,uncertain_discarded,confirm frac too low (0.28),,,,,,,,,,,,,,,,,,,
H-9  3835,A,3835.49,0.4487,17.35,other,confirmed,,H I 3835.4,,,,,,,,,,,,,,,,,,
,A,3850.43,0.0725,20,other,unresolved_blend,"blend of 247 lines in window, strongest explains only 13% (< 15% needed)",,,,,,,,,,,,,,,,,,,
,A,3880.79,0.1602,17,other,unresolved_blend,"blend of 219 lines in window, strongest explains only 14% (< 15% needed)",,,,,,,,,,,,,,,,,,,
H-8  3889,A,3888.81,0.3551,8.49,other,confirmed,,"H I 3889.0, H I 3889.1",,,,,,,,,,,,,,,,,,
,A,3897.55,0.1677,16.17,other,unresolved_blend,"blend of 136 lines in window, strongest explains only 11% (< 15% needed)",,,,,,,,,,,,,,,,,,,
,A,3917.67,0.0533,8.08,other,unresolved_blend,"blend of 204 lines in window, strongest explains only 10% (< 15% needed)",,,,,,,,,,,,,,,,,,,
Ca II 3934,A,3933.38,0.5452,6.68,Balmer,confirmed,,Ca II 3933.7,,,,,,,,,,,,,,,,,,
Hε  3970,A,3969.33,0.6308,9.93,Balmer,confirmed,,H I 3970.0,,,,,,,,,,,,,,,,,,
,A,3997.34,0.039,4.2,other,unresolved_blend,"blend of 180 lines in window, strongest explains only 13% (< 15% needed)",,,,,,,,,,,,,,,,,,,
,A,4032.28,0.0958,4.67,other,unresolved_blend,"blend of 152 lines in window, strongest explains only 11% (< 15% needed)",,,,,,,,,,,,,,,,,,,
Fe I 4046,A,4045.05,0.0647,4.12,other,confirmed,,Fe I 4045.8,,,,,,,,,,,,,,,,,,
,A,4054.89,0.0144,3.09,other,unresolved_blend,"blend of 78 lines in window, strongest explains only 13% (< 15% needed)",,,,,,,,,,,,,,,,,,,
Fe I 4064,A,4064.12,0.0473,3.55,other,confirmed,,Fe I 4063.6,,,,,,,,,,,,,,,,,,
Fe I 4072,A,4072.88,0.0277,9.5,other,confirmed,,Fe I 4071.7,,,,,,,,,,,,,,,,,,
Sr II 4078,A,4077.56,0.0722,4.16,other,confirmed,,Sr II 4077.7,,,,,,,,,,,,,,,,,,
,A,4084.46,0.0862,20,other,unresolved_blend,"blend of 89 lines in window, strongest explains only 13% (< 15% needed)",,,,,,,,,,,,,,,,,,,
Hδ  4102,A,4102.09,0.5228,11.3,Balmer,confirmed,,"H I 4101.7, H I 4101.8",,,,,,,,,,,,,,,,,,
,A,4110.65,0.0543,4.95,other,unresolved_blend,"blend of 66 lines in window, strongest explains only 15% (< 15% needed)",,,,,,,,,,,,,,,,,,,
Fe II 4123,A,4122.62,0.0877,19.05,other,confirmed,,Fe II 4122.7,,,,,,,,,,,,,,,,,,
Fe I 4132,A,4132.15,0.0647,5.96,other,confirmed,,Fe I 4132.1,,,,,,,,,,,,,,,,,,
Fe I 4144,A,4143.97,0.0521,2.91,other,confirmed,,Fe I 4143.9,,,,,,,,,,,,,,,,,,
Fe I 4154,A,4153.73,0.0499,13.46,other,confirmed,,Fe I 4153.9,,,,,,,,,,,,,,,,,,
Fe I 4158,A,4156.74,0.0286,3.93,other,confirmed,,Fe I 4157.8,,,,,,,,,,,,,,,,,,
,A,4177.01,0.0204,7.02,other,unresolved_blend,"blend of 110 lines in window, strongest explains only 11% (< 15% needed)",,,,,,,,,,,,,,,,,,,
Fe I 4188,A,4187.88,0.0347,3.08,other,confirmed,,Fe I 4187.8,,,,,,,,,,,,,,,,,,
Fe I 4202,A,4200.62,0.0747,8.53,other,confirmed,,Fe I 4202.0,,,,,,,,,,,,,,,,,,
,A,4206.62,0.0071,4.64,other,unresolved_blend,"blend of 62 lines in window, strongest explains only 11% (< 15% needed)",,,,,,,,,,,,,,,,,,,
Sr II 4216,A,4216.83,0.0371,3.47,other,confirmed,,Sr II 4215.5,,,,,,,,,,,,,,,,,,
Ca I 4227,A,4226.85,0.0866,4.34,other,confirmed,,Ca I 4226.7,,,,,,,,,,,,,,,,,,
Fe I 4236,A,4236.41,0.0421,8.02,other,confirmed,,Fe I 4235.9,,,,,,,,,,,,,,,,,,
Sc II 4247,A,4248.65,0.054,4.53,other,confirmed,,Sc II 4246.8,,,,,,,,,,,,,,,,,,
Fe I 4251,A,4252.3,0.0286,4.38,other,confirmed,,Fe I 4250.8,,,,,,,,,,,,,,,,,,
Fe I 4260,A,4260.83,0.0494,5.65,other,confirmed,,Fe I 4260.5,,,,,,,,,,,,,,,,,,
Fe I 4272,A,4273.36,0.0968,6.05,other,confirmed,,Fe I 4271.8,,,,,,,,,,,,,,,,,,
Ti II 4294,A,4292.74,0.1049,20,other,confirmed,,Ti II 4294.1,,,,,,,,,,,,,,,,,,
Ti II 4302,A,4302.32,0.0449,6.07,other,confirmed,,Ti II 4301.9,,,,,,,,,,,,,,,,,,
Ti II 4313,A,4311.8,0.1244,20,other,confirmed,,Ti II 4312.9,,,,,,,,,,,,,,,,,,
Fe I 4326,A,4327.14,0.0816,6.89,other,confirmed,,Fe I 4325.8,,,,,,,,,,,,,,,,,,
Hγ  4340,A,4341.4,0.5274,14.32,Balmer,confirmed,,"H I 4340.4, H I 4340.5",,,,,,,,,,,,,,,,,,
Cr I 4352,A,4353.06,0.0541,5.01,other,confirmed,,Cr I 4351.8,,,,,,,,,,,,,,,,,,
,A,4357.66,0.0328,11.68,other,unresolved_blend,"blend of 114 lines in window, strongest explains only 13% (< 15% needed)",,,,,,,,,,,,,,,,,,,
Sc II 4374,A,4373.57,0.0476,7.9,other,confirmed,,Sc II 4374.5,,,,,,,,,,,,,,,,,,
Ti II 4387,A,4385.81,0.0906,5.17,other,confirmed,,Ti II 4386.9,,,,,,,,,,,,,,,,,,
Ti II 4400,A,4400.12,0.0435,13.04,other,confirmed,,Ti II 4399.8,,,,,,,,,,,,,,,,,,
Ti II 4418,A,4417.71,0.0701,4.71,other,confirmed,,Ti II 4417.7,,,,,,,,,,,,,,,,,,
Fe I 4431,A,4429.97,0.0131,13.61,other,confirmed,,Fe I 4430.6,,,,,,,,,,,,,,,,,,
Ca I 4435,A,4435.81,0.0296,3.55,other,confirmed,,Ca I 4435.0,,,,,,,,,,,,,,,,,,
Ti II 4444,A,4444.69,0.0701,4.06,other,confirmed,,Ti II 4443.8,,,,,,,,,,,,,,,,,,
Ti II 4450,A,4449.19,0.0098,3.8,other,confirmed,,Ti II 4450.5,,,,,,,,,,,,,,,,,,
,A,4459.48,0.061,12.47,other,unresolved_blend,"blend of 92 lines in window, strongest explains only 13% (< 15% needed)",,,,,,,,,,,,,,,,,,,
Ti II 4468,A,4470.14,0.0526,6.48,other,confirmed,,Ti II 4468.5,,,,,,,,,,,,,,,,,,
Mg II 4481,A,4482.62,0.0715,6.23,other,confirmed,,Mg II 4481.1,,,,,,,,,,,,,,,,,,
Fe II 4491,A,4493.18,0.0483,10.26,other,confirmed,,Fe II 4491.4,,,,,,,,,,,,,,,,,,
Ti II 4501,A,4502.04,0.0262,4.36,other,confirmed,,Ti II 4501.3,,,,,,,,,,,,,,,,,,
Fe II 4508,A,4509.64,0.0159,2.95,other,confirmed,,Fe II 4508.3,,,,,,,,,,,,,,,,,,
Fe II 4542,A,4542.33,0.0116,2.63,other,confirmed,,Fe II 4541.5,,,,,,,,,,,,,,,,,,
Ti II 4550,A,4550.6,0.0356,3.13,other,confirmed,,Ti II 4549.6,,,,,,,,,,,,,,,,,,
Ba II 4554,A,4555.05,0.0544,13.49,other,confirmed,,Ba II 4554.0,,,,,,,,,,,,,,,,,,
Fe II 4556,A,4556.17,0.0325,4.94,other,confirmed,,Fe II 4555.9,,,,,,,,,,,,,,,,,,
Ti II 4564,A,4565.74,0.0253,3.6,other,confirmed,,Ti II 4563.8,,,,,,,,,,,,,,,,,,
Ti II 4572,A,4573.69,0.0197,2.2,other,confirmed,,Ti II 4572.0,,,,,,,,,,,,,,,,,,
Fe II 4583,A,4581.68,0.0294,20,other,confirmed,,Fe II 4582.8,,,,,,,,,,,,,,,,,,
Fe II 4584,A,4584.43,0.0385,4.67,other,confirmed,,Fe II 4583.8,,,,,,,,,,,,,,,,,,
Cr II 4592,A,4592.06,0.0268,12.53,other,confirmed,,Cr II 4592.1,,,,,,,,,,,,,,,,,,
Ni I 4605,A,4605.46,0.0143,7.51,other,confirmed,,Ni I 4605.0,,,,,,,,,,,,,,,,,,
Cr II 4619,A,4619.56,0.0297,6.43,other,confirmed,,Cr II 4618.8,,,,,,,,,,,,,,,,,,
Cr II 4634,A,4632.97,0.03,12.63,other,confirmed,,Cr II 4634.1,,,,,,,,,,,,,,,,,,
Ni I 4649,A,4648.85,0.0301,6.12,other,confirmed,,Ni I 4648.6,,,,,,,,,,,,,,,,,,
Ti II 4657,A,4656.75,0.0204,3.84,other,confirmed,,Ti II 4657.2,,,,,,,,,,,,,,,,,,
,A,4669.24,0.061,5.86,other,unresolved_blend,"blend of 112 lines in window, strongest explains only 14% (< 15% needed)",,,,,,,,,,,,,,,,,,,
Fe I 4679,A,4680.99,0.0208,5.16,other,confirmed,,Fe I 4678.9,,,,,,,,,,,,,,,,,,
Ti II 4709,A,4709.13,0.0278,12.03,other,confirmed,,Ti II 4708.7,,,,,,,,,,,,,,,,,,
Fe II 4731,A,4733.43,0.0278,8.84,other,confirmed,,Fe II 4731.4,,,,,,,,,,,,,,,,,,
Mn I 4754,A,4755.87,0.0122,3.87,other,confirmed,,Mn I 4754.0,,,,,,,,,,,,,,,,,,
,A,4765.49,0.0164,4.75,other,unresolved_blend,"blend of 42 lines in window, strongest explains only 14% (< 15% needed)",,,,,,,,,,,,,,,,,,,
Fe I 4768,A,4768.93,0.0112,13.73,other,confirmed,,Fe I 4768.3,,,,,,,,,,,,,,,,,,
C I 4772,A,4772.93,0.0065,3.03,other,confirmed,,C I 4771.7,,,,,,,,,,,,,,,,,,
Ni I 4787,A,4787.72,0.0295,7.65,other,confirmed,,Ni I 4786.5,,,,,,,,,,,,,,,,,,
Zn I 4811,A,4809.33,0.0229,12.86,other,confirmed,,Zn I 4810.5,,,,,,,,,,,,,,,,,,
Cr II 4824,A,4825.21,0.0334,3.99,other,confirmed,,Cr II 4824.1,,,,,,,,,,,,,,,,,,
Cr II 4836,A,4839.04,0.0196,20,other,confirmed,,Cr II 4836.2,,,,,,,,,,,,,,,,,,
Cr II 4848,A,4851.18,0.0401,9.07,other,confirmed,,Cr II 4848.2,,,,,,,,,,,,,,,,,,
Hβ  4861,A,4862.37,0.4739,12.16,Balmer,confirmed,,"H I 4861.3, H I 4861.4",,,,,,,,,,,,,,,,,,
Ti II 4874,A,4874.29,0.0561,7.7,other,confirmed,,Ti II 4874.0,,,,,,,,,,,,,,,,,,
Cr II 4876,A,4876.26,0.0166,10.31,other,confirmed,,Cr II 4876.4,,,,,,,,,,,,,,,,,,
,A,4887.95,0.0543,12.24,other,unresolved_blend,"blend of 35 lines in window, strongest explains only 15% (< 15% needed)",,,,,,,,,,,,,,,,,,,
Fe I 4903,A,4902.77,0.0235,4.1,other,confirmed,,Fe I 4903.3,,,,,,,,,,,,,,,,,,
Ti II 4911,A,4911.84,0.0162,3.96,other,confirmed,,Ti II 4911.2,,,,,,,,,,,,,,,,,,
Fe II 4924,A,4922.61,0.0862,7.16,other,confirmed,,Fe II 4923.9,,,,,,,,,,,,,,,,,,
Ba II 4934,A,4936.46,0.055,6.69,other,confirmed,,Ba II 4934.1,,,,,,,,,,,,,,,,,,
Fe I 4939,A,4940.87,0.0118,3.12,other,confirmed,,Fe I 4938.8,,,,,,,,,,,,,,,,,,
Fe I 4957-58,A,4958.53,0.0539,5.01,other,confirmed,,"Fe I 4957.6, Fe I 4957.3",,,,,,,,,,,,,,,,,,
,A,4984.5,0.0788,6.72,other,unresolved_blend,"blend of 90 lines in window, strongest explains only 14% (< 15% needed)",,,,,,,,,,,,,,,,,,,
Fe I 5006,A,5005,0.0363,8.55,other,confirmed,,Fe I 5006.1,,,,,,,,,,,,,,,,,,
Fe II 5018,A,5017.46,0.0404,9.06,other,confirmed,,Fe II 5018.4,,,,,,,,,,,,,,,,,,
Ca II 5020,A,5020.13,0.0261,3.85,other,confirmed,,Ca II 5020.0,,,,,,,,,,,,,,,,,,
Fe I 5042,A,5041.56,0.0495,6.17,other,confirmed,,Fe I 5041.8,,,,,,,,,,,,,,,,,,
Fe I 5099,A,5100.05,0.0401,5.2,other,confirmed,,Fe I 5098.7,,,,,,,,,,,,,,,,,,
,A,5101.72,0.0252,19.66,other,uncertain_discarded,confirm frac too low (0.10),,,,,,,,,,,,,,,,,,,
Fe I 5110,A,5110,0.0277,6.33,other,confirmed,,Fe I 5110.4,,,,,,,,,,,,,,,,,,
Ti II 5129,A,5126.71,0.0346,10.1,other,confirmed,,Ti II 5129.2,,,,,,,,,,,,,,,,,,
Fe I 5139,A,5140.08,0.0181,5.67,other,confirmed,,Fe I 5139.5,,,,,,,,,,,,,,,,,,
Ti II 5154,A,5155.1,0.0098,3.8,other,confirmed,,Ti II 5154.1,,,,,,,,,,,,,,,,,,
Fe II 5169,A,5170.2,0.1173,8.2,other,confirmed,,Fe II 5169.0,,,,,,,,,,,,,,,,,,
Mg I 5184,A,5184.45,0.03,4.04,other,confirmed,,Mg I 5183.6,,,,,,,,,,,,,,,,,,
Ti II 5189,A,5190.39,0.0499,12.88,other,confirmed,,Ti II 5188.7,,,,,,,,,,,,,,,,,,
Fe II 5198,A,5197.13,0.0145,5.4,other,confirmed,,Fe II 5197.6,,,,,,,,,,,,,,,,,,
Cr I 5208,A,5207.43,0.043,5.35,other,confirmed,,Cr I 5208.4,,,,,,,,,,,,,,,,,,
Fe I 5216-17,A,5217.77,0.0269,4.12,other,confirmed,,"Fe I 5216.3, Fe I 5217.4",,,,,,,,,,,,,,,,,,
Fe I 5233,A,5231.49,0.0634,13.81,other,confirmed,,Fe I 5232.9,,,,,,,,,,,,,,,,,,
Fe I 5267,A,5265.75,0.0171,4.51,other,confirmed,,Fe I 5266.6,,,,,,,,,,,,,,,,,,
Fe I 5270,A,5270.71,0.0771,12.08,other,confirmed,,Fe I 5269.5,,,,,,,,,,,,,,,,,,
Fe II 5276,A,5277.79,0.0099,3.86,other,confirmed,,Fe II 5276.0,,,,,,,,,,,,,,,,,,
Fe II/Fe I 5284,A,5284.07,0.0334,5.25,other,confirmed,,"Fe II 5284.1, Fe I 5283.6",,,,,,,,,,,,,,,,,,
Fe II 5317,A,5317.52,0.0306,3.9,other,confirmed,,"Fe II 5316.6, Fe II 5316.8",,,,,,,,,,,,,,,,,,
Fe I 5328,A,5328.34,0.0521,5.71,other,confirmed,,Fe I 5328.0,,,,,,,,,,,,,,,,,,
Fe I 5341,A,5340.6,0.026,5.12,other,confirmed,,Fe I 5341.0,,,,,,,,,,,,,,,,,,
Fe I 5370-71,A,5369.49,0.056,11.69,other,confirmed,,"Fe I 5370.0, Fe I 5371.5",,,,,,,,,,,,,,,,,,
C I/Ti II 5380-81,A,5377.33,0.0311,19.83,other,confirmed,,"C I 5380.3, Ti II 5381.0",,,,,,,,,,,,,,,,,,
Fe I 5406,A,5405.12,0.0303,15.6,other,confirmed,,Fe I 5405.8,,,,,,,,,,,,,,,,,,
Fe I 5447,A,5447.26,0.0389,5.13,other,confirmed,,Fe I 5446.9,,,,,,,,,,,,,,,,,,
,A,5453.38,0.0258,18.84,other,uncertain_discarded,confirm frac too low (0.08),,,,,,,,,,,,,,,,,,,
Fe I 5455-56,A,5456.27,0.0244,6.14,other,confirmed,,"Fe I 5455.6, Fe I 5455.4",,,,,,,,,,,,,,,,,,
Ni I 5477,A,5477.89,0.0427,5.54,other,confirmed,,Ni I 5476.9,,,,,,,,,,,,,,,,,,
Mg I 5528,A,5531.18,0.0272,11.68,other,confirmed,,Mg I 5528.4,,,,,,,,,,,,,,,,,,
Ca I 5589,A,5588.65,0.0293,4.59,other,confirmed,,Ca I 5588.8,,,,,,,,,,,,,,,,,,
Fe I 5603,A,5601.92,0.01,5.07,other,confirmed,,Fe I 5602.9,,,,,,,,,,,,,,,,,,
Fe I 5616,A,5616.87,0.028,7.75,other,confirmed,,Fe I 5615.6,,,,,,,,,,,,,,,,,,
Fe I 5625,A,5626.16,0.0157,6.18,other,confirmed,,Fe I 5624.5,,,,,,,,,,,,,,,,,,
Fe I 5659,A,5661.32,0.0319,10.68,other,confirmed,,Fe I 5658.8,,,,,,,,,,,,,,,,,,
Na I 5688,A,5685.83,0.0219,8.63,other,confirmed,,Na I 5688.2,,,,,,,,,,,,,,,,,,
Fe I 5709,A,5710.19,0.018,7.59,other,confirmed,,Fe I 5709.4,,,,,,,,,,,,,,,,,,
Ca I 5857,A,5856.78,0.0289,10.55,other,confirmed,,Ca I 5857.4,,,,,,,,,,,,,,,,,,
,A,5893.1,0.0717,11.97,other,uncertain_discarded,confirm frac too low (0.33),,,,,,,,,,,,,,,,,,,
,A,5946.26,0.0193,10.39,other,uncertain_discarded,confirm frac too low (0.24),,,,,,,,,,,,,,,,,,,
Fe I 6024,A,6023.84,0.0153,8.83,other,confirmed,,Fe I 6024.1,,,,,,,,,,,,,,,,,,
Ca I/Fe I 6102-03,A,6103.9,0.0192,3.77,other,confirmed,,"Ca I 6102.7, Fe I 6102.2",,,,,,,,,,,,,,,,,,
Ba II 6142,A,6141.01,0.0328,8.18,other,confirmed,,Ba II 6141.7,,,,,,,,,,,,,,,,,,
,A,6279.07,0.0508,5.77,other,uncertain_discarded,confirm frac too low (0.09),,,,,,,,,,,,,,,,,,,
Fe II 6318,A,6318.12,0.0131,5.36,other,confirmed,,Fe II 6318.0,,,,,,,,,,,,,,,,,,
Si II 6347,A,6347.41,0.0177,5.03,other,confirmed,,Si II 6347.1,,,,,,,,,,,,,,,,,,
Ca I/Fe II 6433-39,A,6435.87,0.0107,9.2,other,confirmed,,"Ca I 6439.1, Fe II 6432.7",,,,,,,,,,,,,,,,,,
Ca I 6463,A,6460.82,0.0231,11.46,other,confirmed,,Ca I 6462.6,,,,,,,,,,,,,,,,,,
Ba II 6497,A,6496.08,0.0659,6.7,other,confirmed,,Ba II 6496.9,,,,,,,,,,,,,,,,,,
,A,6517.35,0.0373,6.2,other,uncertain_discarded,confirm frac too low (0.29),,,,,,,,,,,,,,,,,,,
,A,6539.06,0.0175,20,other,uncertain_discarded,confirm frac too low (0.19),,,,,,,,,,,,,,,,,,,
,A,6551.87,0.0485,13.82,other,uncertain_discarded,confirm frac too low (0.05),,,,,,,,,,,,,,,,,,,
Hα  6563,A,6563.69,0.3964,10.86,Balmer,confirmed,,"H I 6562.9, H I 6562.7",,,,,,,,,,,,,,,,,,
,A,6574.34,0.0273,7.37,other,uncertain_discarded,confirm frac too low (0.11),,,,,,,,,,,,,,,,,,,
,A,6585.75,0.028,20,other,uncertain_discarded,confirm frac too low (0.32),,,,,,,,,,,,,,,,,,,
Fe I 6678,A,6678.68,0.0133,5.5,other,confirmed,,Fe I 6678.0,,,,,,,,,,,,,,,,,,
S I 6757,A,6757.75,0.0136,3.59,other,confirmed,,S I 6757.1,,,,,,,,,,,,,,,,,,